1;1;2025-04-24;7;14000
2;2;2025-04-23;2;4000
3;6;2025-03-22;0;0
4;10;2025-05-13;0;0
5;11;2025-02-19;0;0
6;12;2025-04-17;0;0
7;13;2024-12-17;0;0
8;14;2025-05-17;0;0
9;15;2025-04-28;0;0
10;16;2025-01-27;0;0
11;17;2025-04-18;7;14000
12;18;2025-02-09;0;0
13;19;2025-05-01;1;2000
14;22;2025-05-20;5;10000
15;25;2025-03-02;0;0
16;28;2025-01-20;0;0
17;29;2025-05-04;8;16000
18;30;2024-12-23;0;0
19;31;2025-03-11;0;0
20;33;2025-02-11;6;12000
21;34;2025-04-02;0;0
22;35;2025-04-08;0;0
23;37;2025-04-25;0;0
24;38;2025-02-14;0;0
25;40;2025-01-30;0;0
26;41;2025-01-28;0;0
27;42;2025-01-18;0;0
28;43;2025-02-26;0;0
29;45;2025-04-14;0;0
30;49;2025-04-10;0;0
31;50;2024-12-22;0;0
32;53;2025-03-04;0;0
33;54;2025-01-31;0;0
34;55;2025-03-24;0;0
35;56;2025-01-05;0;0
36;57;2025-02-18;0;0
37;58;2025-01-24;0;0
38;59;2024-12-24;0;0
39;60;2025-03-19;0;0
40;61;2024-12-25;0;0
41;64;2025-05-02;8;16000
42;65;2024-12-31;0;0
43;67;2024-12-21;5;10000
44;69;2025-05-12;6;12000
45;70;2024-12-22;0;0
46;72;2025-04-12;0;0
47;74;2025-02-14;0;0
48;75;2025-01-30;2;4000
49;76;2024-12-22;0;0
50;77;2025-04-05;6;12000
51;78;2025-04-26;0;0
52;80;2025-01-19;0;0
53;81;2025-03-25;0;0
54;83;2025-02-26;8;16000
55;84;2025-02-04;10;20000
56;87;2025-03-16;0;0
57;88;2025-04-13;7;14000
58;89;2025-03-17;9;18000
59;90;2025-04-22;1;2000
60;91;2025-03-09;0;0
61;94;2025-01-15;5;10000
62;95;2025-04-02;4;8000
63;96;2025-01-06;0;0
64;99;2025-01-29;0;0
65;101;2025-02-18;0;0
66;102;2025-01-06;0;0
67;104;2024-12-30;7;14000
68;107;2025-01-28;0;0
69;109;2025-01-07;3;6000
70;110;2025-03-20;0;0
71;111;2025-01-25;0;0
72;114;2025-05-01;0;0
73;117;2025-03-23;0;0
74;119;2025-04-26;0;0
75;120;2025-01-22;0;0
76;122;2025-02-23;0;0
77;123;2024-12-20;0;0
78;124;2025-04-23;0;0
79;125;2025-04-09;0;0
80;126;2025-01-03;10;20000
81;128;2025-01-01;0;0
82;129;2025-03-29;6;12000
83;131;2025-01-30;0;0
84;132;2025-02-07;5;10000
85;135;2024-12-29;9;18000
86;138;2025-04-16;0;0
87;139;2025-03-30;0;0
88;140;2025-02-01;0;0
89;141;2025-05-03;0;0
90;143;2025-03-29;0;0
91;144;2025-04-26;0;0
92;145;2025-02-23;0;0
93;146;2024-12-19;0;0
94;148;2025-03-27;0;0
95;149;2025-02-14;0;0
96;150;2025-02-02;0;0
97;151;2025-03-09;0;0
98;153;2025-04-19;4;8000
99;154;2025-02-12;0;0
100;155;2025-04-04;4;8000
101;156;2025-03-12;0;0
102;157;2025-02-23;6;12000
103;160;2025-04-27;0;0
104;161;2025-02-19;4;8000
105;162;2025-01-23;0;0
106;163;2025-01-02;3;6000
107;165;2025-03-17;0;0
108;166;2024-12-25;10;20000
109;167;2025-04-02;3;6000
110;168;2025-03-16;0;0
111;169;2025-01-02;2;4000
112;170;2025-04-16;4;8000
113;171;2025-03-30;0;0
114;174;2024-12-30;0;0
115;176;2025-01-10;0;0
116;177;2025-02-14;0;0
117;178;2025-04-17;0;0
118;179;2025-04-02;10;20000
119;180;2025-03-04;0;0
120;181;2025-02-27;0;0
121;182;2025-01-04;0;0
122;183;2025-04-15;0;0
123;184;2025-04-20;1;2000
124;186;2025-04-23;0;0
125;188;2025-01-17;0;0
126;192;2025-03-08;0;0
127;193;2024-12-22;0;0
128;194;2024-12-27;0;0
129;197;2024-12-29;1;2000
130;200;2025-04-06;0;0
131;202;2025-04-04;0;0
132;203;2025-05-20;10;20000
133;204;2025-01-04;0;0
134;207;2024-12-27;0;0
135;208;2025-01-09;0;0
136;209;2025-02-14;0;0
137;210;2025-04-07;0;0
138;211;2025-02-26;2;4000
139;212;2025-01-09;0;0
140;213;2025-01-14;6;12000
141;215;2025-04-06;0;0
142;219;2025-02-21;8;16000
143;220;2025-01-05;0;0
144;222;2025-04-07;0;0
145;226;2025-05-07;0;0
146;227;2024-12-12;0;0
147;230;2025-01-24;0;0
148;231;2024-12-03;1;2000
149;234;2025-01-28;0;0
150;235;2025-04-25;8;16000
151;236;2025-01-19;0;0
152;237;2025-01-29;0;0
153;238;2025-01-08;3;6000
154;239;2025-02-07;0;0
155;240;2024-12-02;0;0
156;241;2024-12-27;9;18000
157;242;2025-03-30;0;0
158;245;2025-02-19;0;0
159;246;2025-02-21;9;18000
160;247;2025-02-08;0;0
161;248;2025-03-04;0;0
162;251;2025-02-24;0;0
163;253;2025-04-14;0;0
164;254;2024-12-12;1;2000
165;255;2025-01-06;0;0
166;256;2024-12-23;0;0
167;258;2025-01-13;5;10000
168;260;2024-12-06;0;0
169;261;2025-03-31;6;12000
170;263;2025-03-13;0;0
171;265;2025-04-24;2;4000
172;267;2025-04-30;1;2000
173;269;2025-02-21;0;0
174;271;2025-01-16;4;8000
175;272;2024-12-12;0;0
176;273;2025-03-28;7;14000
177;274;2025-01-13;4;8000
178;276;2025-01-02;9;18000
179;277;2025-02-07;0;0
180;278;2025-02-20;0;0
181;279;2024-12-17;0;0
182;280;2025-03-19;0;0
183;281;2025-03-09;0;0
184;283;2024-12-14;4;8000
185;284;2025-02-03;0;0
186;285;2025-01-12;1;2000
187;286;2025-03-10;0;0
188;288;2025-04-08;10;20000
189;289;2025-01-07;0;0
190;290;2025-03-12;0;0
191;291;2025-02-21;0;0
192;293;2025-04-18;0;0
193;294;2024-12-26;0;0
194;295;2025-05-13;0;0
195;297;2025-01-23;0;0
196;298;2025-02-27;0;0
197;299;2025-02-08;0;0
198;303;2025-01-02;0;0
199;305;2025-01-16;4;8000
200;306;2025-03-30;8;16000
201;307;2025-02-12;8;16000
202;308;2025-01-07;0;0
203;309;2025-01-10;0;0
204;310;2025-04-24;3;6000
205;311;2025-02-15;8;16000
206;312;2025-04-11;0;0
207;313;2025-05-03;8;16000
208;314;2025-04-02;0;0
209;315;2025-01-14;8;16000
210;317;2025-03-31;0;0
211;319;2025-01-18;5;10000
212;323;2025-01-25;7;14000
213;324;2025-01-08;0;0
214;325;2025-04-14;0;0
215;326;2025-03-13;0;0
216;327;2024-12-15;0;0
217;329;2025-03-13;4;8000
218;330;2025-04-10;0;0
219;332;2025-03-05;0;0
220;333;2025-02-11;0;0
221;334;2025-01-24;0;0
222;335;2025-04-01;4;8000
223;336;2024-12-17;0;0
224;337;2025-04-10;0;0
225;338;2025-03-26;5;10000
226;341;2025-03-19;0;0
227;342;2025-02-15;0;0
228;343;2025-02-02;0;0
229;344;2025-01-16;8;16000
230;345;2025-04-17;0;0
231;347;2025-04-05;1;2000
232;348;2025-01-02;6;12000
233;349;2025-02-06;8;16000
234;350;2025-04-06;0;0
235;351;2025-03-14;0;0
236;352;2025-03-24;0;0
237;353;2025-02-01;0;0
238;354;2025-04-29;0;0
239;355;2025-03-28;0;0
240;356;2025-02-05;0;0
241;357;2025-01-07;0;0
242;358;2024-12-16;0;0
243;360;2025-01-25;0;0
244;361;2024-12-10;8;16000
245;362;2025-04-17;0;0
246;363;2025-04-27;0;0
247;364;2025-03-01;1;2000
248;365;2025-04-03;0;0
249;366;2025-04-13;0;0
250;367;2025-03-13;0;0
251;368;2025-02-04;0;0
252;369;2025-03-11;0;0
253;370;2025-03-10;0;0
254;372;2025-01-28;0;0
255;374;2025-03-21;0;0
256;376;2025-02-02;0;0
257;377;2025-04-18;0;0
258;378;2024-12-26;0;0
259;379;2025-01-27;0;0
260;381;2025-02-06;7;14000
261;382;2025-01-31;8;16000
262;387;2025-04-24;0;0
263;389;2025-03-04;0;0
264;390;2025-01-30;0;0
265;392;2024-12-04;0;0
266;393;2025-05-16;7;14000
267;394;2025-02-08;0;0
268;395;2024-12-03;1;2000
269;396;2025-01-17;0;0
270;397;2025-03-23;0;0
271;398;2025-04-01;0;0
272;399;2025-01-22;1;2000
273;400;2025-01-31;0;0
274;404;2025-02-26;0;0
275;405;2025-01-13;0;0
276;406;2025-03-28;0;0
277;407;2025-02-23;0;0
278;410;2025-01-03;7;14000
279;411;2025-02-10;0;0
280;412;2025-04-21;0;0
281;413;2025-03-08;8;16000
282;414;2025-04-10;4;8000
283;415;2025-03-10;0;0
284;416;2025-02-22;0;0
285;417;2025-03-18;0;0
286;418;2024-12-11;0;0
287;419;2025-04-28;0;0
288;420;2025-03-22;0;0
289;421;2025-01-27;1;2000
290;423;2025-02-08;0;0
291;424;2025-03-24;0;0
292;426;2025-04-13;0;0
293;427;2025-01-20;0;0
294;428;2025-03-17;0;0
295;429;2025-04-07;0;0
296;430;2025-01-27;0;0
297;431;2025-02-12;0;0
298;432;2025-01-28;0;0
299;435;2025-02-16;0;0
300;437;2025-04-25;0;0
301;439;2025-01-06;0;0
302;440;2025-01-26;8;16000
303;441;2025-03-12;0;0
304;442;2025-01-09;10;20000
305;443;2024-12-06;0;0
306;444;2025-02-06;9;18000
307;446;2025-03-16;0;0
308;447;2025-05-02;0;0
309;448;2025-01-12;0;0
310;449;2025-02-04;4;8000
311;454;2024-12-23;10;20000
312;457;2025-04-01;0;0
313;459;2024-12-30;6;12000
314;460;2025-03-05;3;6000
315;461;2024-12-03;0;0
316;462;2024-12-20;8;16000
317;463;2025-01-21;0;0
318;464;2025-02-19;0;0
319;469;2025-05-02;0;0
320;470;2025-04-18;0;0
321;472;2025-03-17;0;0
322;473;2025-02-23;0;0
323;474;2025-01-31;2;4000
324;475;2024-12-19;0;0
325;477;2025-01-18;0;0
326;479;2025-04-25;6;12000
327;480;2025-03-10;0;0
328;481;2025-05-17;0;0
329;482;2025-04-01;5;10000
330;483;2025-02-02;0;0
331;484;2025-01-29;5;10000
332;485;2025-04-19;1;2000
333;486;2025-01-19;0;0
334;487;2025-01-09;0;0
335;488;2025-04-04;0;0
336;489;2025-03-26;0;0
337;491;2025-01-30;1;2000
338;492;2024-12-15;0;0
339;493;2025-04-24;9;18000
340;495;2025-04-20;8;16000
341;496;2025-01-15;0;0
342;497;2025-04-08;0;0
343;498;2025-01-31;8;16000
344;499;2025-02-25;0;0
345;501;2025-02-23;0;0
346;502;2025-01-10;0;0
347;504;2025-05-05;9;18000
348;505;2025-01-23;0;0
349;506;2024-12-04;0;0
350;507;2025-01-21;0;0
351;510;2025-01-27;5;10000
352;512;2025-04-24;0;0
353;513;2025-04-24;0;0
354;514;2024-12-17;9;18000
355;517;2025-03-21;0;0
356;518;2024-12-17;0;0
357;519;2024-12-15;0;0
358;520;2025-02-15;3;6000
359;521;2025-04-13;4;8000
360;522;2024-12-25;10;20000
361;525;2025-04-06;0;0
362;526;2025-04-12;0;0
363;527;2025-04-27;0;0
364;528;2025-04-30;0;0
365;529;2025-03-14;2;4000
366;531;2025-01-31;0;0
367;532;2025-03-15;6;12000
368;533;2025-02-12;0;0
369;535;2025-05-03;3;6000
370;536;2025-05-01;6;12000
371;537;2024-12-20;0;0
372;540;2025-04-14;0;0
373;541;2024-12-11;0;0
374;542;2025-03-03;0;0
375;543;2025-04-06;8;16000
376;544;2025-02-10;0;0
377;546;2025-04-28;0;0
378;548;2025-02-19;0;0
379;550;2025-02-16;0;0
380;552;2025-02-06;0;0
381;553;2025-01-12;0;0
382;554;2025-03-05;9;18000
383;555;2025-01-25;0;0
384;556;2025-01-22;4;8000
385;558;2025-02-15;3;6000
386;559;2025-01-06;0;0
387;561;2025-03-06;0;0
388;563;2025-03-10;1;2000
389;565;2025-01-20;0;0
390;566;2025-01-09;0;0
391;567;2024-12-22;1;2000
392;568;2024-12-14;0;0
393;569;2025-01-13;6;12000
394;571;2025-03-31;0;0
395;572;2025-01-14;0;0
396;573;2024-12-23;0;0
397;574;2025-02-09;0;0
398;575;2025-04-19;0;0
399;577;2025-02-24;0;0
400;579;2025-04-01;0;0
401;580;2025-02-24;10;20000
402;582;2025-04-27;0;0
403;584;2025-02-14;5;10000
404;585;2025-03-03;0;0
405;586;2025-02-19;7;14000
406;588;2025-03-08;2;4000
407;589;2025-03-05;0;0
408;590;2024-12-12;8;16000
409;591;2025-02-28;0;0
410;593;2025-02-05;0;0
411;594;2025-05-15;0;0
412;596;2025-04-18;0;0
413;597;2024-12-14;4;8000
414;598;2025-03-26;0;0
415;599;2025-05-06;10;20000
416;601;2025-01-18;0;0
417;602;2025-03-22;0;0
418;606;2025-01-31;0;0
419;608;2025-02-19;0;0
420;612;2025-05-14;0;0
421;613;2025-01-30;6;12000
422;614;2025-05-12;10;20000
423;615;2025-02-13;0;0
424;616;2025-01-08;2;4000
425;617;2025-03-18;5;10000
426;618;2025-03-04;3;6000
427;619;2025-01-27;0;0
428;620;2024-12-24;0;0
429;621;2025-04-26;0;0
430;622;2025-01-03;0;0
431;623;2025-04-09;0;0
432;624;2025-03-05;0;0
433;625;2025-04-28;0;0
434;626;2025-02-25;10;20000
435;628;2025-01-31;4;8000
436;629;2025-02-22;0;0
437;632;2025-01-20;0;0
438;634;2025-02-24;1;2000
439;635;2025-05-02;0;0
440;636;2025-02-16;2;4000
441;638;2025-01-13;0;0
442;639;2024-12-22;9;18000
443;640;2025-02-09;0;0
444;643;2025-03-07;0;0
445;645;2025-01-06;0;0
446;646;2025-04-15;6;12000
447;648;2025-01-15;0;0
448;650;2025-01-09;0;0
449;652;2025-04-12;6;12000
450;653;2025-05-11;9;18000
451;654;2025-03-06;3;6000
452;655;2025-02-21;0;0
453;658;2025-02-07;0;0
454;660;2024-12-17;0;0
455;661;2025-03-01;0;0
456;662;2025-04-28;0;0
457;664;2025-05-02;0;0
458;666;2025-03-20;4;8000
459;667;2025-04-12;0;0
460;669;2025-02-17;5;10000
461;671;2025-05-13;0;0
462;673;2024-12-10;0;0
463;674;2025-01-14;0;0
464;676;2025-01-07;7;14000
465;678;2025-03-18;0;0
466;680;2024-12-24;0;0
467;681;2025-04-18;0;0
468;683;2025-02-05;8;16000
469;684;2025-02-21;0;0
470;686;2025-04-09;0;0
471;687;2025-01-27;8;16000
472;688;2025-04-03;0;0
473;689;2025-02-21;0;0
474;690;2025-01-20;0;0
475;692;2025-05-01;0;0
476;693;2025-05-14;0;0
477;694;2025-03-02;0;0
478;697;2025-04-13;0;0
479;699;2025-02-17;0;0
480;700;2025-01-17;0;0
481;701;2025-01-17;0;0
482;702;2025-03-25;2;4000
483;704;2025-03-14;0;0
484;705;2025-05-08;0;0
485;706;2025-04-15;0;0
486;707;2025-01-17;0;0
487;708;2025-03-16;0;0
488;709;2024-12-28;0;0
489;710;2025-04-12;0;0
490;711;2024-12-21;0;0
491;712;2025-02-18;0;0
492;713;2025-04-25;0;0
493;715;2025-03-09;9;18000
494;716;2024-12-24;0;0
495;717;2025-02-18;0;0
496;719;2025-05-15;5;10000
497;720;2025-03-26;6;12000
498;723;2025-01-13;0;0
499;724;2025-02-04;0;0
500;726;2025-04-05;0;0
501;727;2025-02-28;0;0
502;729;2025-01-03;0;0
503;731;2025-01-09;0;0
504;732;2025-04-14;0;0
505;733;2025-04-12;0;0
506;734;2025-03-10;0;0
507;735;2025-01-28;0;0
508;736;2025-02-26;0;0
509;739;2024-12-27;0;0
510;741;2025-02-10;0;0
511;743;2025-02-20;1;2000
512;745;2025-02-01;5;10000
513;747;2025-02-02;0;0
514;748;2025-01-29;0;0
515;749;2025-01-05;0;0
516;750;2025-04-29;0;0
517;753;2025-01-11;0;0
518;754;2025-01-08;0;0
519;755;2025-04-22;2;4000
520;758;2025-05-10;0;0
521;759;2024-12-29;2;4000
522;761;2025-03-21;0;0
523;762;2025-02-19;0;0
524;763;2025-04-30;0;0
525;764;2025-02-19;0;0
526;765;2025-01-27;5;10000
527;766;2025-03-29;0;0
528;767;2025-02-08;0;0
529;768;2025-02-03;0;0
530;769;2025-02-13;0;0
531;772;2025-01-09;0;0
532;776;2025-04-17;0;0
533;777;2025-03-14;6;12000
534;778;2025-04-08;0;0
535;779;2025-03-26;5;10000
536;780;2025-01-05;0;0
537;782;2025-05-10;9;18000
538;785;2025-03-16;0;0
539;786;2024-12-11;0;0
540;788;2025-02-10;8;16000
541;789;2025-03-26;8;16000
542;790;2025-05-02;9;18000
543;793;2025-02-19;0;0
544;794;2025-01-11;3;6000
545;796;2025-04-11;0;0
546;799;2025-01-16;0;0
547;800;2025-01-23;0;0
548;801;2025-04-04;9;18000
549;804;2025-02-02;0;0
550;805;2025-01-20;6;12000
551;806;2024-12-15;4;8000
552;807;2025-04-17;0;0
553;808;2025-02-20;0;0
554;810;2025-04-14;0;0
555;811;2025-02-15;4;8000
556;812;2024-12-19;0;0
557;814;2025-04-11;0;0
558;818;2025-04-10;0;0
559;819;2025-03-14;0;0
560;820;2025-01-19;0;0
561;821;2025-01-06;9;18000
562;823;2025-03-30;3;6000
563;824;2025-03-23;0;0
564;825;2025-02-02;4;8000
565;826;2025-02-14;2;4000
566;827;2025-04-13;0;0
567;829;2025-03-01;0;0
568;831;2025-04-26;0;0
569;834;2024-12-20;0;0
570;835;2024-12-30;0;0
571;837;2025-05-02;0;0
572;839;2025-01-06;0;0
573;841;2025-02-15;0;0
574;842;2025-01-27;0;0
575;843;2025-02-26;0;0
576;844;2025-04-10;0;0
577;845;2025-02-17;8;16000
578;846;2025-04-27;0;0
579;847;2025-03-25;0;0
580;848;2025-02-15;0;0
581;849;2025-05-05;4;8000
582;851;2025-02-14;0;0
583;852;2025-05-17;0;0
584;853;2025-04-19;7;14000
585;856;2025-03-04;0;0
586;859;2024-12-26;6;12000
587;860;2025-04-29;0;0
588;861;2025-02-25;0;0
589;862;2024-12-22;0;0
590;864;2025-02-11;0;0
591;865;2025-01-29;1;2000
592;867;2025-03-03;0;0
593;868;2025-04-05;0;0
594;870;2025-02-25;7;14000
595;871;2025-02-27;0;0
596;872;2025-02-02;0;0
597;873;2025-01-15;7;14000
598;874;2025-02-14;0;0
599;875;2025-03-14;0;0
600;877;2025-02-02;0;0
601;878;2024-12-29;0;0
602;880;2025-03-07;3;6000
603;881;2025-03-07;0;0
604;883;2025-03-09;0;0
605;884;2025-03-27;0;0
606;885;2024-12-10;0;0
607;886;2025-02-06;0;0
608;887;2025-01-10;2;4000
609;889;2025-02-07;0;0
610;890;2024-12-23;0;0
611;891;2024-12-18;0;0
612;892;2025-01-21;0;0
613;893;2025-05-10;0;0
614;895;2025-01-01;0;0
615;896;2025-04-21;0;0
616;897;2025-02-12;0;0
617;898;2025-05-09;7;14000
618;899;2025-02-23;2;4000
619;900;2025-01-05;0;0
620;901;2024-12-11;0;0
621;902;2025-01-06;0;0
622;903;2025-03-29;0;0
623;904;2025-01-14;0;0
624;905;2025-04-06;4;8000
625;907;2025-04-18;0;0
626;908;2025-02-05;0;0
627;909;2025-04-13;0;0
628;910;2025-01-11;0;0
629;912;2025-02-03;4;8000
630;913;2025-02-19;0;0
631;915;2025-04-03;0;0
632;917;2025-02-03;0;0
633;918;2025-03-29;0;0
634;919;2024-12-12;0;0
635;920;2025-04-18;0;0
636;921;2025-01-15;10;20000
637;922;2025-04-29;0;0
638;923;2025-02-16;0;0
639;928;2024-12-10;0;0
640;929;2024-12-30;1;2000
641;930;2024-12-14;0;0
642;931;2024-12-23;0;0
643;932;2025-05-08;0;0
644;933;2025-02-26;0;0
645;934;2025-03-21;0;0
646;935;2025-01-20;0;0
647;936;2024-12-02;0;0
648;939;2025-05-08;7;14000
649;940;2025-02-22;0;0
650;942;2025-04-28;0;0
651;943;2025-03-06;8;16000
652;944;2025-04-21;0;0
653;946;2025-01-28;0;0
654;947;2025-04-24;0;0
655;948;2024-12-26;0;0
656;949;2025-04-26;0;0
657;950;2025-04-04;0;0
658;951;2025-03-01;0;0
659;952;2025-04-12;3;6000
660;953;2025-02-09;7;14000
661;954;2025-03-20;0;0
662;955;2025-02-07;1;2000
663;956;2025-02-02;9;18000
664;958;2025-02-26;0;0
665;959;2025-02-25;10;20000
666;960;2025-03-11;0;0
667;961;2025-04-26;0;0
668;962;2025-04-15;0;0
669;963;2025-02-04;0;0
670;964;2025-03-26;9;18000
671;965;2025-04-13;1;2000
672;967;2025-02-07;0;0
673;968;2025-01-19;0;0
674;969;2025-04-27;0;0
675;973;2025-02-11;0;0
676;974;2024-12-21;7;14000
677;975;2025-01-07;0;0
678;976;2025-04-29;0;0
679;978;2025-03-26;0;0
680;979;2024-12-29;0;0
681;982;2024-12-15;0;0
682;983;2025-03-17;0;0
683;984;2025-02-01;0;0
684;985;2025-01-04;0;0
685;987;2024-12-13;1;2000
686;988;2025-05-04;9;18000
687;989;2025-04-15;0;0
688;990;2025-04-26;0;0
689;991;2025-02-25;0;0
690;992;2025-04-26;0;0
691;994;2025-01-29;0;0
692;995;2025-04-29;0;0
693;997;2025-05-09;0;0
694;998;2025-02-07;0;0
695;999;2025-04-19;0;0
696;1000;2025-05-05;4;8000
697;1001;2025-03-02;0;0
698;1003;2025-04-19;0;0
699;1005;2025-02-23;0;0
700;1006;2025-01-05;0;0
701;1007;2025-04-03;0;0
702;1008;2025-02-24;0;0
703;1009;2025-03-31;0;0
704;1010;2025-04-08;1;2000
705;1013;2024-12-27;0;0
706;1014;2025-03-02;0;0
707;1015;2025-01-18;0;0
708;1016;2025-01-03;8;16000
709;1017;2025-02-22;0;0
710;1018;2025-04-19;1;2000
711;1019;2025-02-23;0;0
712;1020;2025-03-12;0;0
713;1021;2025-02-04;0;0
714;1024;2025-03-13;0;0
715;1026;2025-03-01;0;0
716;1027;2025-02-20;0;0
717;1028;2024-12-02;0;0
718;1029;2025-02-12;0;0
719;1031;2025-03-27;10;20000
720;1032;2025-02-26;1;2000
721;1033;2025-02-01;4;8000
722;1034;2025-02-27;0;0
723;1035;2025-05-14;0;0
724;1036;2025-03-08;3;6000
725;1038;2025-01-05;0;0
726;1040;2025-04-26;0;0
727;1041;2025-04-20;0;0
728;1042;2025-04-17;0;0
729;1043;2025-04-02;0;0
730;1044;2025-02-07;0;0
731;1045;2025-04-29;0;0
732;1049;2025-03-17;0;0
733;1050;2025-05-20;8;16000
734;1051;2025-04-25;0;0
735;1052;2025-04-01;0;0
736;1053;2025-04-28;0;0
737;1054;2025-03-27;0;0
738;1056;2025-01-31;0;0
739;1057;2025-02-06;0;0
740;1058;2025-01-18;7;14000
741;1060;2025-01-08;0;0
742;1061;2025-02-08;7;14000
743;1062;2025-03-16;0;0
744;1063;2025-03-04;0;0
745;1064;2024-12-28;0;0
746;1065;2025-03-14;0;0
747;1066;2024-12-24;0;0
748;1067;2025-04-12;0;0
749;1068;2025-05-05;9;18000
750;1069;2024-12-11;4;8000
751;1070;2025-03-08;0;0
752;1072;2025-02-06;0;0
753;1073;2025-03-22;0;0
754;1076;2025-04-17;0;0
755;1077;2025-02-21;0;0
756;1078;2025-01-13;0;0
757;1079;2025-04-18;0;0
758;1080;2025-04-21;2;4000
759;1082;2025-03-25;0;0
760;1086;2025-02-22;1;2000
761;1087;2024-12-24;0;0
762;1088;2024-12-02;0;0
763;1090;2025-01-02;4;8000
764;1092;2025-02-02;0;0
765;1094;2025-04-19;3;6000
766;1095;2024-12-17;0;0
767;1098;2025-03-29;0;0
768;1099;2025-03-06;4;8000
769;1100;2025-01-20;4;8000
770;1101;2025-01-05;1;2000
771;1102;2025-02-09;0;0
772;1103;2025-01-09;0;0
773;1104;2025-01-03;4;8000
774;1105;2025-02-19;0;0
775;1106;2025-05-05;0;0
776;1107;2025-01-18;0;0
777;1108;2024-12-08;0;0
778;1109;2025-03-01;2;4000
779;1110;2025-02-13;3;6000
780;1112;2025-02-25;0;0
781;1113;2025-01-11;0;0
782;1115;2025-04-30;0;0
783;1117;2024-12-06;0;0
784;1119;2025-04-30;0;0
785;1121;2025-03-02;0;0
786;1122;2024-12-21;0;0
787;1125;2025-05-05;0;0
788;1126;2025-02-28;0;0
789;1128;2025-02-05;0;0
790;1130;2025-04-21;0;0
791;1131;2025-04-06;0;0
792;1133;2025-04-18;0;0
793;1134;2025-04-10;9;18000
794;1135;2025-02-15;0;0
795;1136;2025-03-30;0;0
796;1137;2025-03-13;0;0
797;1138;2025-02-20;0;0
798;1139;2025-03-02;0;0
799;1140;2025-01-11;0;0
800;1141;2025-02-16;0;0
801;1142;2025-02-19;1;2000
802;1143;2025-02-25;0;0
803;1145;2025-02-27;1;2000
804;1146;2025-01-02;0;0
805;1147;2025-03-21;10;20000
806;1148;2025-03-21;0;0
807;1151;2025-02-11;0;0
808;1152;2025-01-30;0;0
809;1153;2025-04-06;0;0
810;1154;2024-12-16;0;0
811;1155;2025-05-01;0;0
812;1156;2025-03-08;0;0
813;1158;2025-02-13;0;0
814;1159;2025-04-12;0;0
815;1160;2025-02-19;7;14000
816;1162;2025-02-14;0;0
817;1165;2025-01-02;0;0
818;1166;2024-12-07;3;6000
819;1168;2024-12-04;0;0
820;1169;2025-04-07;0;0
821;1170;2025-01-21;0;0
822;1172;2025-04-06;0;0
823;1173;2025-04-17;6;12000
824;1175;2025-04-06;0;0
825;1178;2025-03-02;0;0
826;1179;2025-01-05;0;0
827;1183;2025-04-24;5;10000
828;1184;2025-03-13;0;0
829;1186;2025-01-22;0;0
830;1187;2025-02-11;0;0
831;1188;2024-12-24;0;0
832;1189;2025-03-13;1;2000
833;1190;2025-05-13;0;0
834;1191;2025-01-26;0;0
835;1192;2025-03-11;5;10000
836;1194;2025-03-22;0;0
837;1195;2025-03-17;0;0
838;1196;2025-04-09;4;8000
839;1197;2024-12-07;5;10000
840;1198;2025-04-04;0;0
841;1199;2025-02-15;0;0
842;1200;2025-04-14;0;0
843;1203;2024-12-22;5;10000
844;1205;2025-03-03;9;18000
845;1206;2025-02-26;0;0
846;1209;2025-01-18;0;0
847;1210;2025-04-22;0;0
848;1211;2024-12-19;0;0
849;1212;2025-04-30;0;0
850;1213;2024-12-23;0;0
851;1214;2025-04-03;6;12000
852;1215;2024-12-04;0;0
853;1216;2025-01-25;0;0
854;1217;2024-12-24;0;0
855;1218;2025-01-28;10;20000
856;1219;2025-01-11;0;0
857;1220;2025-03-03;0;0
858;1221;2025-01-29;0;0
859;1223;2025-04-05;0;0
860;1224;2025-01-21;0;0
861;1225;2025-04-08;4;8000
862;1228;2025-01-17;0;0
863;1230;2025-04-26;0;0
864;1231;2025-03-21;2;4000
865;1232;2024-12-12;0;0
866;1234;2025-04-18;0;0
867;1236;2025-03-05;0;0
868;1238;2025-02-04;0;0
869;1239;2025-01-31;0;0
870;1244;2024-12-16;0;0
871;1245;2024-12-17;0;0
872;1247;2025-01-04;0;0
873;1248;2025-03-17;0;0
874;1252;2025-03-29;4;8000
875;1253;2025-03-31;0;0
876;1254;2025-04-19;0;0
877;1256;2025-04-10;0;0
878;1257;2025-03-12;0;0
879;1258;2024-12-13;0;0
880;1260;2025-02-04;0;0
881;1261;2025-02-24;0;0
882;1262;2025-03-11;0;0
883;1263;2025-05-01;0;0
884;1264;2025-03-05;0;0
885;1266;2025-01-30;0;0
886;1267;2024-12-23;0;0
887;1268;2025-04-12;0;0
888;1270;2025-02-27;5;10000
889;1272;2025-01-04;0;0
890;1273;2025-05-15;0;0
891;1274;2024-12-12;0;0
892;1275;2025-05-07;7;14000
893;1276;2025-05-12;0;0
894;1277;2025-01-18;8;16000
895;1278;2025-02-08;0;0
896;1281;2025-01-18;0;0
897;1282;2025-04-05;0;0
898;1283;2024-12-23;0;0
899;1284;2025-04-09;1;2000
900;1285;2025-01-30;0;0
901;1287;2025-01-30;0;0
902;1288;2025-02-21;0;0
903;1289;2025-01-16;0;0
904;1290;2025-03-13;0;0
905;1292;2024-12-30;0;0
906;1293;2025-05-13;0;0
907;1294;2025-01-26;10;20000
908;1295;2025-03-10;0;0
909;1296;2025-01-15;0;0
910;1297;2025-04-18;0;0
911;1298;2025-03-01;10;20000
912;1299;2025-04-03;0;0
913;1300;2024-12-15;7;14000
914;1301;2024-12-20;0;0
915;1303;2025-01-23;0;0
916;1304;2024-12-24;0;0
917;1306;2025-05-03;0;0
918;1308;2024-12-05;0;0
919;1310;2025-03-12;0;0
920;1311;2025-02-24;0;0
921;1312;2024-12-21;0;0
922;1313;2025-04-01;0;0
923;1314;2025-01-28;0;0
924;1316;2025-01-08;0;0
925;1317;2025-01-29;0;0
926;1318;2024-12-31;0;0
927;1320;2025-02-17;3;6000
928;1321;2025-01-18;0;0
929;1322;2025-03-29;0;0
930;1323;2025-05-14;0;0
931;1324;2025-03-24;8;16000
932;1326;2025-03-27;5;10000
933;1328;2025-04-15;2;4000
934;1329;2025-04-08;0;0
935;1330;2025-02-23;0;0
936;1331;2025-02-10;0;0
937;1332;2025-01-18;7;14000
938;1333;2025-02-18;0;0
939;1334;2025-02-16;6;12000
940;1335;2025-04-14;0;0
941;1336;2025-01-13;0;0
942;1337;2025-03-03;0;0
943;1338;2025-02-22;0;0
944;1339;2025-03-09;6;12000
945;1341;2025-03-02;2;4000
946;1342;2025-02-13;0;0
947;1346;2025-01-06;0;0
948;1347;2025-01-16;0;0
949;1348;2024-12-17;0;0
950;1349;2025-03-25;9;18000
951;1350;2025-04-09;0;0
952;1351;2025-01-27;5;10000
953;1352;2025-01-11;0;0
954;1353;2025-03-09;0;0
955;1354;2025-04-25;4;8000
956;1355;2025-04-26;0;0
957;1357;2025-01-04;0;0
958;1358;2025-01-08;0;0
959;1359;2025-02-10;0;0
960;1360;2025-03-04;4;8000
961;1361;2025-05-15;0;0
962;1363;2024-12-21;0;0
963;1364;2025-03-09;0;0
964;1365;2025-05-02;0;0
965;1367;2025-01-08;0;0
966;1368;2025-01-01;0;0
967;1369;2025-01-03;0;0
968;1370;2025-02-13;0;0
969;1374;2025-03-03;0;0
970;1376;2025-03-22;0;0
971;1379;2025-01-03;0;0
972;1383;2025-01-11;0;0
973;1385;2025-01-20;0;0
974;1387;2025-03-28;8;16000
975;1388;2025-02-13;9;18000
976;1389;2025-02-07;0;0
977;1391;2025-01-20;0;0
978;1392;2025-04-13;0;0
979;1393;2025-03-28;0;0
980;1394;2025-01-15;0;0
981;1395;2025-01-21;10;20000
982;1396;2024-12-08;0;0
983;1397;2024-12-11;0;0
984;1398;2025-03-27;0;0
985;1399;2025-04-05;0;0
986;1400;2024-12-20;0;0
987;1402;2025-04-17;0;0
988;1403;2025-01-22;0;0
989;1405;2025-03-24;0;0
990;1406;2024-12-03;0;0
991;1407;2024-12-11;0;0
992;1408;2025-01-19;3;6000
993;1410;2025-01-22;0;0
994;1412;2025-03-05;0;0
995;1413;2024-12-02;0;0
996;1414;2025-03-02;0;0
997;1416;2025-02-01;0;0
998;1418;2024-12-05;0;0
999;1422;2025-01-19;0;0
1000;1423;2025-01-15;0;0
1001;1424;2025-05-01;0;0
1002;1425;2025-02-13;2;4000
1003;1427;2025-01-25;0;0
1004;1428;2025-01-24;5;10000
1005;1429;2025-01-22;9;18000
1006;1430;2025-02-10;0;0
1007;1431;2025-02-08;0;0
1008;1432;2025-02-02;4;8000
1009;1435;2025-01-29;0;0
1010;1436;2025-01-15;0;0
1011;1437;2025-01-28;0;0
1012;1439;2025-01-11;0;0
1013;1440;2025-05-05;9;18000
1014;1444;2025-05-02;0;0
1015;1445;2025-04-18;0;0
1016;1446;2025-05-12;0;0
1017;1447;2024-12-23;0;0
1018;1448;2025-05-02;0;0
1019;1450;2025-05-03;6;12000
1020;1451;2025-04-13;0;0
1021;1452;2025-02-13;0;0
1022;1453;2025-04-09;0;0
1023;1455;2024-12-28;0;0
1024;1456;2025-05-03;9;18000
1025;1457;2025-03-26;0;0
1026;1458;2024-12-05;0;0
1027;1459;2025-01-10;4;8000
1028;1460;2025-02-04;0;0
1029;1461;2025-03-14;3;6000
1030;1462;2024-12-13;7;14000
1031;1463;2025-01-11;0;0
1032;1464;2025-04-08;9;18000
1033;1465;2025-05-01;7;14000
1034;1466;2025-03-12;0;0
1035;1467;2025-03-07;0;0
1036;1468;2024-12-03;0;0
1037;1470;2025-05-03;0;0
1038;1471;2025-04-08;0;0
1039;1472;2025-04-26;0;0
1040;1474;2025-04-04;0;0
1041;1475;2025-02-12;0;0
1042;1476;2025-03-12;4;8000
1043;1477;2025-04-16;7;14000
1044;1478;2024-12-07;2;4000
1045;1479;2024-12-17;0;0
1046;1483;2025-01-17;4;8000
1047;1484;2025-02-24;0;0
1048;1486;2025-04-29;0;0
1049;1488;2025-05-10;7;14000
1050;1489;2025-02-09;0;0
1051;1492;2025-03-20;0;0
1052;1494;2025-02-08;0;0
1053;1495;2025-03-18;0;0
1054;1496;2025-01-22;0;0
1055;1497;2025-03-29;0;0
1056;1499;2025-02-25;1;2000
1057;1501;2024-12-10;0;0
1058;1502;2024-12-15;0;0
1059;1504;2025-01-31;0;0
1060;1505;2025-01-28;0;0
1061;1507;2025-03-07;0;0
1062;1508;2025-02-27;1;2000
1063;1509;2025-04-14;0;0
1064;1510;2025-01-23;0;0
1065;1512;2025-02-19;0;0
1066;1513;2025-04-14;0;0
1067;1514;2025-01-05;0;0
1068;1515;2025-01-15;0;0
1069;1517;2024-12-17;0;0
1070;1518;2025-04-22;0;0
1071;1519;2025-02-01;0;0
1072;1520;2025-02-14;0;0
1073;1521;2025-04-26;0;0
1074;1522;2024-12-20;0;0
1075;1523;2025-04-08;0;0
1076;1525;2025-01-10;0;0
1077;1526;2025-05-01;8;16000
1078;1527;2024-12-06;0;0
1079;1531;2025-03-29;0;0
1080;1533;2025-01-19;0;0
1081;1534;2025-01-27;0;0
1082;1535;2025-03-14;0;0
1083;1538;2025-04-02;0;0
1084;1539;2024-12-06;0;0
1085;1540;2025-04-15;3;6000
1086;1541;2025-04-18;0;0
1087;1549;2024-12-03;0;0
1088;1550;2025-04-11;0;0
1089;1551;2025-02-20;7;14000
1090;1552;2025-03-21;0;0
1091;1553;2025-03-15;0;0
1092;1554;2024-12-18;0;0
1093;1556;2025-02-12;0;0
1094;1557;2024-12-09;0;0
1095;1559;2025-03-29;0;0
1096;1561;2025-03-16;0;0
1097;1565;2025-02-25;0;0
1098;1566;2025-02-19;0;0
1099;1568;2025-04-07;0;0
1100;1569;2025-02-15;0;0
1101;1570;2025-03-19;0;0
1102;1571;2025-01-13;0;0
1103;1572;2025-02-04;0;0
1104;1573;2025-01-31;0;0
1105;1575;2025-03-08;0;0
1106;1576;2025-03-01;0;0
1107;1578;2024-12-17;4;8000
1108;1579;2025-04-28;7;14000
1109;1580;2025-02-14;0;0
1110;1582;2025-01-18;0;0
1111;1583;2025-02-13;0;0
1112;1585;2024-12-12;0;0
1113;1587;2024-12-13;0;0
1114;1589;2024-12-11;0;0
1115;1594;2025-05-12;1;2000
1116;1595;2024-12-28;0;0
1117;1596;2025-01-07;0;0
1118;1597;2025-04-17;0;0
1119;1599;2025-04-30;0;0
1120;1600;2025-04-04;0;0
1121;1601;2025-01-24;0;0
1122;1604;2025-03-09;1;2000
1123;1606;2025-03-11;0;0
1124;1607;2025-04-14;0;0
1125;1608;2025-03-08;7;14000
1126;1610;2024-12-14;9;18000
1127;1612;2025-03-25;5;10000
1128;1613;2025-01-28;7;14000
1129;1615;2024-12-11;0;0
1130;1617;2025-03-28;0;0
1131;1618;2025-03-13;0;0
1132;1619;2025-02-19;0;0
1133;1620;2025-03-31;0;0
1134;1621;2025-03-31;0;0
1135;1622;2025-03-14;0;0
1136;1623;2024-12-25;4;8000
1137;1624;2025-02-08;0;0
1138;1625;2025-03-17;0;0
1139;1627;2025-01-09;8;16000
1140;1628;2024-12-30;0;0
1141;1630;2025-03-02;3;6000
1142;1631;2025-04-01;0;0
1143;1632;2025-02-07;0;0
1144;1634;2025-05-17;0;0
1145;1635;2024-12-29;8;16000
1146;1636;2025-02-17;0;0
1147;1637;2025-04-24;7;14000
1148;1638;2025-01-21;7;14000
1149;1639;2025-02-05;4;8000
1150;1640;2025-03-02;0;0
1151;1641;2025-04-14;0;0
1152;1642;2025-02-28;0;0
1153;1643;2024-12-21;0;0
1154;1644;2025-05-02;1;2000
1155;1645;2024-12-04;0;0
1156;1646;2025-04-01;1;2000
1157;1647;2025-01-27;0;0
1158;1650;2025-01-10;0;0
1159;1651;2025-04-05;7;14000
1160;1654;2024-12-26;0;0
1161;1655;2025-03-30;0;0
1162;1656;2025-03-04;1;2000
1163;1657;2025-04-04;0;0
1164;1658;2025-04-17;0;0
1165;1659;2025-02-04;0;0
1166;1661;2025-02-16;9;18000
1167;1662;2025-04-27;6;12000
1168;1663;2025-04-18;9;18000
1169;1664;2025-01-15;2;4000
1170;1666;2024-12-25;2;4000
1171;1667;2025-02-26;7;14000
1172;1670;2025-04-07;0;0
1173;1671;2025-04-18;0;0
1174;1673;2025-02-21;0;0
1175;1674;2025-02-04;0;0
1176;1676;2024-12-26;0;0
1177;1678;2025-02-12;0;0
1178;1682;2025-04-12;0;0
1179;1683;2025-03-14;0;0
1180;1684;2025-01-27;0;0
1181;1685;2025-05-05;7;14000
1182;1686;2025-03-30;0;0
1183;1687;2025-04-14;10;20000
1184;1688;2024-12-28;0;0
1185;1691;2025-04-06;0;0
1186;1692;2025-01-31;0;0
1187;1693;2025-04-12;0;0
1188;1694;2025-03-29;0;0
1189;1695;2025-04-13;0;0
1190;1696;2025-03-25;0;0
1191;1699;2024-12-16;0;0
1192;1702;2025-03-14;0;0
1193;1703;2025-01-17;2;4000
1194;1704;2025-03-29;0;0
1195;1708;2024-12-27;0;0
1196;1710;2025-01-05;7;14000
1197;1712;2025-02-01;0;0
1198;1713;2024-12-22;0;0
1199;1715;2025-04-19;0;0
1200;1716;2025-01-16;0;0
1201;1717;2025-02-07;7;14000
1202;1719;2025-04-13;7;14000
1203;1720;2025-01-21;2;4000
1204;1721;2025-04-17;8;16000
1205;1722;2025-05-14;0;0
1206;1723;2025-04-18;5;10000
1207;1724;2025-01-27;0;0
1208;1726;2025-03-29;8;16000
1209;1727;2024-12-02;0;0
1210;1728;2025-03-12;0;0
1211;1730;2025-04-22;0;0
1212;1731;2025-03-21;0;0
1213;1732;2025-01-11;0;0
1214;1733;2025-04-24;0;0
1215;1734;2025-03-16;1;2000
1216;1736;2024-12-25;0;0
1217;1738;2025-03-09;0;0
1218;1739;2025-01-20;0;0
1219;1741;2025-01-29;1;2000
1220;1742;2025-02-02;0;0
1221;1743;2025-03-09;0;0
1222;1744;2025-02-20;2;4000
1223;1746;2025-02-14;0;0
1224;1748;2025-01-14;0;0
1225;1749;2024-12-28;5;10000
1226;1750;2025-01-10;8;16000
1227;1752;2025-02-01;4;8000
1228;1753;2024-12-31;0;0
1229;1754;2025-03-22;0;0
1230;1755;2025-04-27;1;2000
1231;1756;2025-04-23;0;0
1232;1758;2024-12-22;5;10000
1233;1759;2025-02-24;0;0
1234;1760;2024-12-10;2;4000
1235;1762;2025-01-14;9;18000
1236;1766;2025-04-05;0;0
1237;1767;2025-03-07;0;0
1238;1768;2025-01-28;0;0
1239;1769;2025-04-04;9;18000
1240;1770;2025-01-11;0;0
1241;1771;2024-12-06;0;0
1242;1772;2024-12-30;0;0
1243;1773;2024-12-21;0;0
1244;1775;2025-05-09;7;14000
1245;1776;2025-01-30;0;0
1246;1777;2025-02-22;0;0
1247;1779;2025-03-02;10;20000
1248;1780;2025-02-15;0;0
1249;1781;2025-04-06;3;6000
1250;1788;2025-05-03;4;8000
1251;1790;2024-12-28;0;0
1252;1791;2025-01-17;0;0
1253;1792;2025-03-30;6;12000
1254;1793;2024-12-23;0;0
1255;1794;2025-01-14;0;0
1256;1796;2025-04-13;0;0
1257;1797;2025-03-07;0;0
1258;1799;2025-02-22;0;0
1259;1800;2025-02-13;10;20000
1260;1801;2025-01-23;0;0
1261;1804;2025-02-02;0;0
1262;1805;2025-04-05;7;14000
1263;1806;2025-01-18;5;10000
1264;1809;2025-02-20;0;0
1265;1812;2025-03-05;0;0
1266;1813;2025-02-24;0;0
1267;1814;2025-04-20;0;0
1268;1815;2025-02-20;0;0
1269;1817;2025-04-20;0;0
1270;1818;2024-12-26;0;0
1271;1819;2025-01-26;0;0
1272;1821;2025-01-11;0;0
1273;1822;2025-03-10;0;0
1274;1824;2025-02-03;0;0
1275;1826;2025-05-08;0;0
1276;1827;2025-04-16;0;0
1277;1828;2025-04-26;0;0
1278;1829;2025-02-09;2;4000
1279;1830;2025-01-10;0;0
1280;1831;2024-12-27;5;10000
1281;1832;2025-01-31;0;0
1282;1833;2025-01-01;0;0
1283;1834;2025-04-10;0;0
1284;1837;2025-02-26;0;0
1285;1841;2025-01-04;0;0
1286;1843;2024-12-09;0;0
1287;1844;2025-03-18;2;4000
1288;1845;2025-02-06;0;0
1289;1847;2025-03-24;0;0
1290;1849;2025-04-18;0;0
1291;1850;2025-01-09;0;0
1292;1851;2025-04-27;0;0
1293;1852;2025-03-30;0;0
1294;1853;2025-02-08;0;0
1295;1855;2025-03-23;0;0
1296;1856;2025-04-23;0;0
1297;1857;2025-04-05;0;0
1298;1859;2024-12-16;0;0
1299;1861;2025-01-18;0;0
1300;1862;2025-02-28;0;0
1301;1863;2025-05-03;0;0
1302;1865;2025-02-13;0;0
1303;1866;2025-03-30;0;0
1304;1867;2024-12-25;0;0
1305;1869;2025-04-01;0;0
1306;1870;2025-02-16;0;0
1307;1871;2025-04-09;0;0
1308;1872;2024-12-28;0;0
1309;1875;2025-04-18;0;0
1310;1877;2024-12-02;0;0
1311;1879;2025-01-28;0;0
1312;1882;2025-03-15;4;8000
1313;1883;2025-04-30;9;18000
1314;1884;2025-03-10;8;16000
1315;1885;2025-02-12;4;8000
1316;1886;2024-12-20;0;0
1317;1888;2025-05-09;1;2000
1318;1889;2025-03-21;0;0
1319;1890;2025-04-01;10;20000
1320;1891;2025-03-20;8;16000
1321;1892;2024-12-09;0;0
1322;1894;2025-04-10;0;0
1323;1895;2025-04-08;8;16000
1324;1897;2025-04-11;9;18000
1325;1899;2025-04-24;0;0
1326;1900;2025-01-22;0;0
1327;1903;2025-01-18;4;8000
1328;1904;2025-02-27;0;0
1329;1907;2025-01-09;7;14000
1330;1908;2024-12-09;0;0
1331;1909;2025-02-26;0;0
1332;1910;2024-12-27;9;18000
1333;1912;2025-02-27;0;0
1334;1913;2025-01-22;6;12000
1335;1914;2025-03-17;0;0
1336;1915;2025-03-19;0;0
1337;1916;2025-01-18;0;0
1338;1918;2025-02-24;1;2000
1339;1919;2025-05-05;0;0
1340;1920;2025-01-12;7;14000
1341;1922;2025-01-26;0;0
1342;1923;2025-04-08;2;4000
1343;1924;2025-01-17;2;4000
1344;1925;2025-04-03;0;0
1345;1927;2025-03-27;0;0
1346;1928;2025-03-12;6;12000
1347;1929;2025-02-06;0;0
1348;1930;2025-05-01;0;0
1349;1931;2025-01-18;0;0
1350;1933;2024-12-31;0;0
1351;1935;2025-03-16;7;14000
1352;1936;2025-04-10;0;0
1353;1937;2025-01-17;0;0
1354;1938;2025-03-23;7;14000
1355;1939;2025-04-03;0;0
1356;1941;2025-01-10;6;12000
1357;1942;2024-12-26;0;0
1358;1944;2025-02-03;0;0
1359;1945;2025-01-24;0;0
1360;1947;2025-03-13;0;0
1361;1949;2025-01-06;3;6000
1362;1950;2025-04-29;0;0
1363;1951;2025-04-12;0;0
1364;1952;2025-04-04;0;0
1365;1953;2025-04-21;0;0
1366;1955;2024-12-26;0;0
1367;1956;2025-04-09;0;0
1368;1957;2025-01-01;0;0
1369;1959;2025-03-22;0;0
1370;1960;2025-04-15;7;14000
1371;1962;2024-12-04;0;0
1372;1963;2025-01-21;0;0
1373;1964;2025-03-23;0;0
1374;1965;2025-03-04;1;2000
1375;1966;2025-02-02;0;0
1376;1967;2024-12-21;0;0
1377;1968;2025-01-06;1;2000
1378;1970;2025-03-17;0;0
1379;1971;2025-02-14;6;12000
1380;1973;2025-01-21;0;0
1381;1974;2025-02-23;0;0
1382;1975;2024-12-13;6;12000
1383;1977;2025-02-17;7;14000
1384;1978;2025-03-15;0;0
1385;1979;2025-03-08;0;0
1386;1980;2025-02-12;0;0
1387;1981;2025-03-15;0;0
1388;1982;2025-04-10;0;0
1389;1983;2024-12-28;0;0
1390;1986;2025-02-19;0;0
1391;1988;2025-02-28;0;0
1392;1989;2025-04-21;0;0
1393;1991;2025-01-24;0;0
1394;1995;2025-04-13;0;0
1395;1996;2025-04-12;0;0
1396;1997;2025-04-28;0;0
1397;1998;2025-01-02;0;0
1398;2000;2024-12-10;0;0
1399;2001;2025-01-22;1;2000
1400;2002;2025-04-17;0;0
1401;2003;2025-04-02;8;16000
1402;2004;2025-03-08;9;18000
1403;2005;2025-01-09;0;0
1404;2007;2025-03-14;0;0
1405;2008;2025-03-31;0;0
1406;2010;2025-01-14;0;0
1407;2012;2024-12-02;0;0
1408;2013;2025-02-11;0;0
1409;2014;2025-04-08;0;0
1410;2015;2024-12-02;0;0
1411;2016;2025-01-28;5;10000
1412;2017;2025-02-21;5;10000
1413;2018;2025-02-25;0;0
1414;2019;2025-04-13;0;0
1415;2020;2025-01-11;8;16000
1416;2021;2025-03-22;0;0
1417;2022;2025-04-22;7;14000
1418;2024;2025-05-02;9;18000
1419;2025;2025-01-15;9;18000
1420;2026;2025-01-08;4;8000
1421;2028;2025-01-06;0;0
1422;2030;2025-04-12;0;0
1423;2031;2025-02-28;0;0
1424;2032;2025-02-10;0;0
1425;2035;2025-02-19;0;0
1426;2036;2024-12-26;0;0
1427;2040;2025-01-04;0;0
1428;2042;2025-02-02;0;0
1429;2043;2025-02-15;0;0
1430;2044;2025-03-24;0;0
1431;2045;2025-05-02;0;0
1432;2046;2025-04-05;0;0
1433;2047;2025-01-10;0;0
1434;2048;2025-01-28;0;0
1435;2049;2025-03-09;0;0
1436;2050;2025-03-15;0;0
1437;2054;2025-04-14;0;0
1438;2055;2025-03-21;0;0
1439;2056;2025-02-14;0;0
1440;2057;2025-01-05;0;0
1441;2059;2025-02-12;0;0
1442;2061;2025-02-25;0;0
1443;2062;2025-02-20;0;0
1444;2064;2024-12-14;0;0
1445;2065;2025-02-21;0;0
1446;2066;2025-01-10;0;0
1447;2067;2024-12-23;0;0
1448;2068;2025-03-27;0;0
1449;2070;2025-04-26;0;0
1450;2071;2024-12-03;0;0
1451;2072;2025-03-06;0;0
1452;2074;2025-03-02;0;0
1453;2075;2025-02-14;0;0
1454;2077;2025-04-01;0;0
1455;2078;2024-12-24;4;8000
1456;2079;2025-04-01;0;0
1457;2080;2025-03-01;0;0
1458;2081;2025-01-14;0;0
1459;2082;2025-03-29;4;8000
1460;2083;2025-02-13;8;16000
1461;2084;2025-01-29;0;0
1462;2086;2025-02-21;0;0
1463;2087;2024-12-20;0;0
1464;2088;2024-12-10;0;0
1465;2089;2025-01-07;0;0
1466;2090;2024-12-02;0;0
1467;2091;2025-01-21;0;0
1468;2093;2024-12-07;0;0
1469;2094;2024-12-17;0;0
1470;2095;2025-04-15;0;0
1471;2097;2025-03-19;10;20000
1472;2098;2025-04-16;0;0
1473;2100;2025-01-26;2;4000
1474;2102;2025-04-15;0;0
1475;2103;2025-04-17;9;18000
1476;2106;2025-02-04;0;0
1477;2108;2025-02-13;8;16000
1478;2110;2025-02-13;0;0
1479;2111;2025-02-23;9;18000
1480;2112;2025-02-24;0;0
1481;2113;2025-03-10;0;0
1482;2115;2025-03-20;0;0
1483;2116;2025-03-17;0;0
1484;2117;2025-03-27;0;0
1485;2118;2025-03-18;0;0
1486;2119;2025-04-08;0;0
1487;2120;2025-03-18;0;0
1488;2121;2025-02-11;0;0
1489;2122;2025-05-05;2;4000
1490;2123;2025-03-18;0;0
1491;2124;2025-04-05;0;0
1492;2126;2025-04-30;0;0
1493;2127;2025-02-11;6;12000
1494;2128;2025-01-19;0;0
1495;2130;2025-01-15;0;0
1496;2132;2025-02-14;9;18000
1497;2133;2024-12-30;0;0
1498;2134;2024-12-22;7;14000
1499;2135;2025-03-18;0;0
1500;2136;2025-01-14;5;10000
1501;2137;2025-03-29;0;0
1502;2140;2025-02-20;0;0
1503;2142;2025-01-16;2;4000
1504;2143;2025-01-30;0;0
1505;2144;2024-12-28;0;0
1506;2145;2025-03-11;7;14000
1507;2146;2024-12-12;8;16000
1508;2150;2025-03-11;4;8000
1509;2151;2025-01-29;0;0
1510;2152;2025-03-13;1;2000
1511;2153;2025-03-24;0;0
1512;2158;2025-02-10;0;0
1513;2160;2025-04-08;0;0
1514;2161;2025-02-18;2;4000
1515;2163;2025-02-10;0;0
1516;2164;2025-03-22;1;2000
1517;2165;2025-03-14;0;0
1518;2167;2025-05-03;9;18000
1519;2168;2024-12-29;0;0
1520;2169;2025-02-13;6;12000
1521;2170;2025-02-26;5;10000
1522;2171;2025-04-04;4;8000
1523;2172;2025-01-08;6;12000
1524;2173;2025-04-08;1;2000
1525;2174;2025-01-14;0;0
1526;2175;2024-12-13;0;0
1527;2179;2025-04-15;0;0
1528;2180;2025-04-13;0;0
1529;2181;2024-12-06;0;0
1530;2182;2025-02-17;0;0
1531;2183;2025-02-07;0;0
1532;2184;2025-04-27;0;0
1533;2185;2025-01-14;0;0
1534;2186;2025-02-14;0;0
1535;2187;2025-01-03;0;0
1536;2188;2025-04-14;7;14000
1537;2189;2024-12-27;0;0
1538;2190;2025-04-23;0;0
1539;2191;2025-04-17;0;0
1540;2192;2025-03-10;0;0
1541;2193;2025-01-27;0;0
1542;2194;2025-03-03;0;0
1543;2195;2025-01-17;0;0
1544;2196;2025-03-02;0;0
1545;2198;2025-03-26;0;0
1546;2200;2025-04-12;0;0
1547;2201;2025-02-09;0;0
1548;2202;2024-12-23;0;0
1549;2203;2025-02-11;0;0
1550;2204;2024-12-14;0;0
1551;2206;2024-12-18;0;0
