1;2127;1;10000;2025-05-08
2;1612;1;16000;2025-05-14
3;349;1;8000;2025-05-09
4;2188;1;8000;2025-03-16
5;1718;1;4000;2025-05-01
6;2997;1;18000;2025-05-09
7;2243;1;20000;2025-05-03
8;882;1;6000;2025-05-12
9;2271;1;6000;2025-02-17
10;1736;1;12000;2025-02-26
11;1497;1;20000;2025-05-06
12;2212;1;8000;2025-04-22
13;2841;1;16000;2025-03-09
14;2594;1;18000;2025-04-27
15;1956;1;16000;2025-03-13
16;33;1;12000;2025-05-01
17;743;1;4000;2025-05-15
18;1891;1;18000;2025-05-11
19;1067;1;14000;2025-05-12
20;820;1;10000;2025-05-19
21;2280;1;18000;2025-01-12
22;1162;1;4000;2025-02-15
23;1378;1;16000;2025-03-28
24;156;1;12000;2025-05-08
25;2089;1;8000;2025-04-16
26;1955;1;16000;2025-04-26
27;2135;1;14000;2025-05-08
28;2574;1;16000;2025-05-15
29;404;1;14000;2025-05-19
30;1890;1;6000;2025-05-04
31;1139;1;8000;2025-01-26
32;2484;1;10000;2025-03-18
33;1575;1;20000;2025-05-15
34;1670;1;4000;2025-03-21
35;987;1;14000;2025-05-09
36;2621;1;12000;2025-03-08
37;2150;1;4000;2025-03-30
38;1207;1;4000;2025-04-09
39;1530;1;12000;2025-05-18
40;1536;1;20000;2025-05-09
41;1082;1;4000;2025-03-09
42;1117;1;8000;2025-05-14
43;1817;1;8000;2025-04-13
44;536;1;8000;2025-05-08
45;2070;1;6000;2025-05-13
46;1339;1;14000;2025-05-02
47;1023;1;16000;2025-05-16
48;2502;1;8000;2025-03-14
49;2806;1;8000;2025-04-03
50;1209;1;14000;2025-04-17
51;495;1;4000;2025-01-12
52;1003;1;20000;2025-05-19
53;1509;1;18000;2025-01-14
54;1380;1;20000;2025-03-27
55;2292;1;20000;2025-04-08
56;1050;1;14000;2025-02-26
57;971;1;12000;2025-01-12
58;250;1;18000;2025-03-19
59;741;1;20000;2025-03-17
60;917;1;10000;2025-05-08
61;838;1;12000;2025-03-16
62;1628;1;6000;2025-03-19
63;2399;1;12000;2025-05-13
64;768;1;14000;2025-05-15
65;2266;1;12000;2025-05-11
66;1084;1;16000;2025-05-14
67;9;1;18000;2025-04-06
68;1986;1;18000;2025-05-04
69;465;1;4000;2025-05-05
70;1938;1;10000;2025-03-31
71;2986;1;12000;2025-05-17
72;182;1;16000;2025-04-01
73;734;1;6000;2025-04-08
74;2554;1;10000;2025-01-21
75;203;1;16000;2025-04-17
76;1698;1;12000;2025-05-15
77;1141;1;14000;2025-04-10
78;1847;1;4000;2025-04-15
79;443;1;2000;2025-03-24
80;1925;1;2000;2025-04-10
81;1370;1;4000;2025-04-08
82;1364;1;4000;2025-04-22
83;472;1;18000;2025-04-01
84;2134;1;18000;2025-04-04
85;1374;1;14000;2025-04-29
86;2248;1;2000;2025-02-24
87;1217;1;4000;2025-01-30
88;689;1;6000;2025-04-23
89;386;1;2000;2025-05-02
90;1528;1;6000;2025-04-26
91;1131;1;8000;2025-02-26
92;467;1;8000;2025-05-03
93;623;1;16000;2025-05-08
94;1257;1;2000;2025-04-19
95;1077;1;6000;2025-01-07
96;2120;1;18000;2025-04-25
97;1242;1;8000;2025-04-01
98;1571;1;8000;2025-05-16
99;213;1;16000;2025-04-05
100;2331;1;18000;2025-05-04
101;300;1;14000;2025-04-27
102;2460;1;12000;2025-04-20
103;792;1;6000;2025-04-08
104;1126;1;8000;2025-03-28
105;77;1;2000;2025-05-01
106;138;1;2000;2025-04-19
107;2667;1;18000;2025-03-12
108;2986;1;20000;2025-03-23
109;2017;1;16000;2025-04-19
110;720;1;20000;2025-04-08
111;985;1;10000;2025-03-17
112;1137;1;10000;2025-05-10
113;1302;1;4000;2025-05-15
114;2366;1;20000;2025-04-20
115;1786;1;8000;2025-02-27
116;1907;1;10000;2025-03-19
117;1397;1;6000;2025-05-12
118;2566;1;4000;2025-03-14
119;1723;1;6000;2025-02-27
120;1914;1;2000;2025-04-22
121;2990;1;12000;2025-04-21
122;992;1;18000;2025-05-16
123;2962;1;10000;2025-04-23
124;1268;1;16000;2025-05-19
125;747;1;12000;2025-05-18
126;5;1;8000;2025-05-18
127;2466;1;20000;2025-02-08
128;2241;1;20000;2025-04-21
129;1690;1;2000;2025-03-28
130;1381;1;4000;2025-05-14
131;1236;1;4000;2025-03-15
132;1168;1;14000;2025-05-04
133;1521;1;16000;2025-05-14
134;2346;1;12000;2025-01-13
135;2510;1;14000;2025-04-24
136;2278;1;20000;2025-05-15
137;2909;1;10000;2025-02-08
138;876;1;10000;2025-05-12
139;2820;1;18000;2025-03-18
140;1335;1;16000;2025-05-05
141;1896;1;12000;2025-05-10
142;2662;1;14000;2025-04-27
143;72;1;18000;2025-05-16
144;2986;1;12000;2025-02-16
145;85;1;4000;2025-05-07
146;616;1;18000;2025-03-25
147;1172;1;6000;2025-02-11
148;705;1;12000;2025-04-30
149;2726;1;14000;2025-04-08
150;543;1;12000;2025-03-17
151;2335;1;16000;2025-03-20
152;2335;1;12000;2025-02-06
153;1096;1;10000;2025-04-13
154;1960;1;16000;2025-04-29
155;2646;1;8000;2025-05-04
156;1739;1;8000;2025-03-26
157;2861;1;8000;2025-03-14
158;156;1;12000;2025-03-19
159;1377;1;14000;2025-05-03
160;911;1;12000;2025-05-07
161;710;1;20000;2025-03-01
162;550;1;6000;2025-02-20
163;1975;1;4000;2025-04-26
164;1532;1;2000;2024-12-30
165;904;1;4000;2025-03-14
166;999;1;20000;2025-04-07
167;1714;1;2000;2025-05-15
168;1162;1;6000;2025-05-03
169;107;1;16000;2025-04-27
170;434;1;4000;2025-01-20
171;2185;1;18000;2025-05-03
172;1895;1;20000;2025-03-23
173;1424;1;18000;2025-05-04
174;2532;1;18000;2025-03-11
175;547;1;10000;2025-05-16
176;428;1;18000;2025-03-21
177;2815;1;16000;2025-04-30
178;718;1;16000;2025-05-19
179;1942;1;4000;2025-03-04
180;2163;1;20000;2025-03-24
181;1420;1;4000;2025-05-18
182;1678;1;10000;2025-04-15
183;1683;1;6000;2025-04-08
184;1602;1;6000;2025-03-28
185;2497;1;4000;2025-05-10
186;778;1;14000;2025-05-06
187;1802;1;14000;2025-04-22
188;1511;1;20000;2025-04-23
189;2091;1;16000;2025-05-02
190;801;1;18000;2025-01-23
191;2717;1;10000;2025-04-25
192;5;1;14000;2025-04-22
193;47;1;8000;2025-03-17
194;811;1;12000;2025-04-05
195;2234;1;8000;2025-01-13
196;1123;1;20000;2025-05-01
197;1146;1;16000;2025-04-11
198;1586;1;8000;2025-05-02
199;1065;1;14000;2025-05-17
200;1236;1;6000;2025-05-12
201;833;1;14000;2025-04-08
202;2079;1;16000;2025-04-16
203;235;1;18000;2025-04-07
204;2756;1;12000;2025-04-21
205;904;1;6000;2025-03-16
206;1302;1;12000;2025-01-22
207;2672;1;8000;2025-05-09
208;744;1;16000;2025-05-01
209;1307;1;18000;2025-05-16
210;2797;1;16000;2025-05-01
211;2473;1;2000;2025-05-02
212;2592;1;14000;2025-03-26
213;2895;1;18000;2025-05-07
214;2761;1;16000;2025-05-19
215;111;1;16000;2025-05-15
216;2507;1;10000;2025-04-18
217;220;1;14000;2025-05-09
218;1826;1;4000;2025-02-07
219;1860;1;16000;2025-01-22
220;101;1;14000;2025-04-06
221;1995;1;2000;2025-04-16
222;2951;1;6000;2025-03-28
223;1345;1;20000;2025-05-16
224;264;1;14000;2025-04-22
225;956;1;20000;2025-05-10
226;2647;1;8000;2025-05-16
227;2893;1;12000;2025-03-14
228;9;1;2000;2025-03-31
229;1016;1;8000;2025-05-11
230;646;1;12000;2025-02-11
231;985;1;14000;2025-05-06
232;733;1;6000;2025-05-06
233;658;1;8000;2025-05-17
234;2609;1;10000;2025-05-07
235;1932;1;10000;2025-02-16
236;2905;1;2000;2025-01-15
237;1377;1;14000;2025-03-16
238;1799;1;8000;2025-04-03
239;2235;1;20000;2025-02-18
240;2417;1;8000;2025-05-04
241;2967;1;14000;2025-05-09
242;2900;1;2000;2025-04-01
243;790;1;10000;2025-03-25
244;2896;1;16000;2025-05-14
245;292;1;16000;2025-04-01
246;1469;1;4000;2025-02-21
247;1941;1;2000;2025-05-06
248;2427;1;14000;2025-03-30
249;67;1;12000;2025-04-26
250;975;1;10000;2025-04-07
251;1403;1;18000;2025-05-15
252;1689;1;14000;2025-04-11
253;187;1;16000;2025-04-20
254;387;1;6000;2025-05-17
255;2831;1;16000;2025-05-16
256;80;1;14000;2025-02-26
257;928;1;14000;2025-02-27
258;2875;1;10000;2025-05-10
259;2729;1;20000;2025-05-07
260;214;1;6000;2025-04-22
261;506;1;6000;2025-02-04
262;2995;1;14000;2025-03-06
263;835;1;12000;2025-03-22
264;2917;1;14000;2025-02-21
265;1653;1;16000;2025-05-08
266;2152;1;8000;2025-04-26
267;1504;1;18000;2025-02-04
268;998;1;20000;2025-04-18
269;859;1;4000;2025-04-25
270;715;1;12000;2025-04-23
271;534;1;16000;2025-04-06
272;1713;1;20000;2025-02-13
273;688;1;6000;2025-04-03
274;1539;1;20000;2025-05-15
275;1118;1;16000;2025-05-15
276;709;1;4000;2025-05-15
277;328;1;16000;2025-02-28
278;679;1;8000;2025-05-18
279;1186;1;6000;2025-04-11
280;1987;1;18000;2025-03-30
281;1535;1;18000;2025-04-26
282;3000;1;14000;2025-03-04
283;1485;1;10000;2025-04-12
284;1670;1;14000;2025-01-06
285;443;1;16000;2025-01-20
286;1452;1;10000;2025-05-16
287;1329;1;6000;2025-04-21
288;856;1;8000;2024-12-23
289;2761;1;14000;2025-05-17
290;635;1;8000;2025-04-20
291;2397;1;18000;2025-05-08
292;1387;1;20000;2025-04-26
293;1547;1;6000;2025-05-18
294;1111;1;8000;2025-04-06
295;2879;1;4000;2025-02-09
296;1737;1;14000;2025-01-31
297;420;1;20000;2025-04-29
298;2776;1;6000;2025-04-04
299;18;1;20000;2025-04-22
300;1770;1;2000;2025-04-20
301;1270;1;12000;2025-05-16
302;430;1;2000;2025-05-17
303;11;1;2000;2025-02-12
304;2380;1;10000;2025-02-17
305;2288;1;12000;2025-04-14
306;2173;1;10000;2025-05-17
307;1439;1;2000;2025-03-16
308;2943;1;10000;2025-03-21
309;2147;1;18000;2025-04-09
310;1589;1;12000;2025-05-11
311;2812;1;20000;2025-04-21
312;2755;1;18000;2025-04-03
313;2541;1;8000;2025-04-11
314;86;1;10000;2025-05-06
315;2648;1;16000;2025-03-07
316;1296;1;12000;2025-03-07
317;2542;1;2000;2025-03-27
318;919;1;18000;2025-05-13
319;816;1;10000;2025-05-14
320;1600;1;2000;2025-05-14
321;1611;1;16000;2025-04-04
322;2079;1;10000;2025-04-29
323;387;1;8000;2025-04-26
324;1410;1;16000;2025-03-14
325;2115;1;2000;2025-03-06
326;987;1;8000;2025-02-05
327;1751;1;4000;2025-01-27
328;119;1;16000;2025-02-06
329;2721;1;6000;2025-05-03
330;196;1;2000;2025-04-13
331;236;1;12000;2025-05-10
332;2131;1;16000;2025-04-15
333;2531;1;16000;2025-05-06
334;1295;1;14000;2025-05-07
335;1608;1;16000;2025-01-02
336;1344;1;16000;2025-04-15
337;1385;1;2000;2025-04-21
338;2620;1;18000;2025-05-17
339;448;1;10000;2025-01-28
340;2976;1;6000;2025-05-08
341;1867;1;10000;2025-05-04
342;939;1;20000;2025-04-15
343;2946;1;10000;2025-01-23
344;1608;1;14000;2025-02-10
345;654;1;20000;2025-03-18
346;1058;1;8000;2025-03-10
347;2726;1;14000;2025-05-13
348;2527;1;2000;2025-01-11
349;2790;1;20000;2025-05-05
350;133;1;16000;2025-05-16
351;2310;1;20000;2025-05-15
352;600;1;14000;2025-03-12
353;1883;1;4000;2025-01-26
354;1590;1;2000;2025-03-24
355;1816;1;20000;2025-04-25
356;932;1;2000;2025-03-01
357;2942;1;10000;2025-05-01
358;336;1;20000;2025-01-05
359;1786;1;4000;2025-04-28
360;2349;1;10000;2025-04-30
361;249;1;16000;2025-03-14
362;2482;1;8000;2025-03-17
363;2161;1;4000;2025-04-06
364;1941;1;20000;2025-05-07
365;1923;1;8000;2025-01-31
366;1443;1;12000;2025-03-22
367;1882;1;20000;2025-04-15
368;1012;1;14000;2025-05-03
369;1987;1;14000;2025-02-11
370;1255;1;18000;2025-05-17
371;1104;1;18000;2025-01-26
372;2178;1;10000;2025-02-03
373;1452;1;4000;2025-03-20
374;141;1;2000;2025-05-06
375;131;1;18000;2025-04-04
376;2279;1;8000;2025-04-30
377;2050;1;18000;2025-03-23
378;580;1;10000;2025-05-10
379;2148;1;14000;2025-03-24
380;1106;1;2000;2025-05-09
381;966;1;4000;2025-05-11
382;2213;1;18000;2025-04-28
383;266;1;18000;2025-05-04
384;2308;1;4000;2025-04-14
385;2180;1;20000;2025-02-24
386;1946;1;10000;2025-02-12
387;2465;1;6000;2025-03-29
388;2909;1;16000;2025-05-12
389;2139;1;16000;2025-02-17
390;405;1;20000;2025-05-10
391;2839;1;12000;2025-01-03
392;2095;1;6000;2025-04-28
393;134;1;2000;2025-05-07
394;74;1;16000;2025-04-10
395;908;1;14000;2025-05-05
396;2118;1;12000;2025-04-18
397;184;1;18000;2025-02-21
398;2438;1;14000;2024-12-22
399;1819;1;10000;2025-05-03
400;335;1;20000;2025-05-06
401;1443;1;2000;2025-05-16
402;2614;1;18000;2025-04-01
403;684;1;8000;2025-04-19
404;240;1;18000;2025-03-04
405;1626;1;14000;2025-03-24
406;457;1;2000;2025-04-06
407;2051;1;8000;2025-05-12
408;1769;1;2000;2025-03-02
409;801;1;20000;2025-05-04
410;1791;1;20000;2025-04-28
411;124;1;4000;2025-03-24
412;1909;1;10000;2025-05-11
413;867;1;18000;2025-04-15
414;1593;1;14000;2025-04-27
415;166;1;18000;2025-05-15
416;1077;1;2000;2025-03-14
417;380;1;20000;2025-05-03
418;2061;1;2000;2025-02-22
419;2236;1;12000;2025-04-28
420;1776;1;14000;2025-04-24
421;623;1;18000;2025-02-26
422;2684;1;14000;2025-05-09
423;1665;1;20000;2025-04-07
424;367;1;12000;2025-05-02
425;756;1;6000;2025-04-27
426;945;1;2000;2025-05-04
427;495;1;14000;2025-05-12
428;2127;2;5000;2025-01-29
429;1111;2;5000;2025-04-07
430;194;2;5000;2025-02-06
431;1926;2;5000;2025-02-09
432;2876;2;5000;2025-03-26
433;1351;2;5000;2025-03-25
434;787;2;5000;2025-03-09
435;1766;2;5000;2025-03-17
436;2801;2;5000;2025-02-04
437;1612;2;5000;2025-03-21
438;349;2;5000;2024-12-02
439;1496;2;5000;2025-01-08
440;2527;2;5000;2025-02-25
441;76;2;5000;2025-02-14
442;1445;2;5000;2025-02-05
443;2188;2;5000;2024-11-26
444;1465;2;5000;2025-04-17
445;1057;2;5000;2024-12-14
446;1096;2;5000;2024-12-13
447;630;2;5000;2024-12-02
448;2093;2;5000;2025-01-11
449;896;2;5000;2024-12-18
450;2626;2;5000;2025-01-27
451;1133;2;5000;2025-01-03
452;1461;2;5000;2024-12-18
453;1718;2;5000;2025-04-04
454;2997;2;5000;2025-03-27
455;1119;2;5000;2025-03-02
456;1549;2;5000;2024-12-07
457;34;2;5000;2025-03-26
458;884;2;5000;2025-01-30
459;1430;2;5000;2025-02-14
460;1811;2;5000;2024-12-15
461;1050;2;5000;2024-12-04
462;1189;2;5000;2025-01-30
463;584;2;5000;2025-04-12
464;902;2;5000;2025-02-22
465;1295;2;5000;2025-02-01
466;1447;2;5000;2025-02-05
467;2311;2;5000;2025-03-25
468;284;2;5000;2024-12-05
469;2243;2;5000;2025-03-14
470;882;2;5000;2025-03-08
471;724;2;5000;2025-02-20
472;2727;2;5000;2025-01-16
473;509;2;5000;2024-12-04
474;2070;2;5000;2025-03-04
475;43;2;5000;2024-12-12
476;2234;2;5000;2024-11-26
477;308;2;5000;2025-03-19
478;2271;2;5000;2025-01-06
479;136;2;5000;2024-12-21
480;1336;2;5000;2024-12-02
481;2578;2;5000;2025-04-01
482;1426;2;5000;2025-02-01
483;247;2;5000;2025-03-29
484;84;2;5000;2025-02-15
485;167;2;5000;2025-01-28
486;1404;2;5000;2025-03-26
487;673;2;5000;2024-11-24
488;1123;2;5000;2025-02-23
489;160;2;5000;2024-12-18
490;2150;2;5000;2025-04-12
491;2085;2;5000;2025-03-21
492;1948;2;5000;2025-02-13
493;1736;2;5000;2024-11-30
494;383;2;5000;2024-12-23
495;1497;2;5000;2025-03-26
496;227;2;5000;2025-03-04
497;602;2;5000;2025-02-20
498;2212;2;5000;2024-12-16
499;1188;2;5000;2024-12-12
500;2841;2;5000;2024-12-27
501;2594;2;5000;2025-03-27
502;1956;2;5000;2025-02-13
503;1821;2;5000;2025-01-31
504;2748;2;5000;2025-01-30
505;2945;2;5000;2025-02-25
506;33;2;5000;2025-03-21
507;743;2;5000;2025-03-30
508;33;2;5000;2025-04-07
509;2377;2;5000;2025-02-14
510;2711;2;5000;2025-01-19
511;625;2;5000;2025-04-16
512;1969;2;5000;2025-03-07
513;168;2;5000;2025-04-03
514;896;2;5000;2024-11-29
515;2553;2;5000;2024-11-21
516;1075;2;5000;2025-02-03
517;393;2;5000;2025-01-28
518;147;2;5000;2024-12-04
519;71;2;5000;2025-01-28
520;2059;2;5000;2024-12-09
521;2957;2;5000;2024-12-29
522;1891;2;5000;2025-03-26
523;1651;2;5000;2025-02-02
524;1650;2;5000;2025-02-22
525;191;2;5000;2024-11-18
526;1067;2;5000;2025-02-27
527;165;2;5000;2025-01-13
528;2054;2;5000;2025-01-14
529;920;2;5000;2025-01-05
530;820;2;5000;2025-04-15
531;972;2;5000;2024-11-20
532;1209;2;5000;2025-01-28
533;2189;2;5000;2025-03-22
534;2067;2;5000;2025-03-29
535;1055;2;5000;2024-12-02
536;794;2;5000;2024-11-21
537;2448;2;5000;2025-01-25
538;2209;2;5000;2025-01-31
539;1592;2;5000;2024-11-23
540;1961;2;5000;2025-02-25
541;2280;2;5000;2024-12-07
542;2756;2;5000;2025-01-25
543;1436;2;5000;2025-01-16
544;1370;2;5000;2025-02-13
545;1394;2;5000;2025-03-01
546;2477;2;5000;2025-03-30
547;621;2;5000;2025-01-30
548;2771;2;5000;2024-11-24
549;1273;2;5000;2025-03-11
550;1162;2;5000;2024-11-21
551;1523;2;5000;2025-04-01
552;2665;2;5000;2025-01-18
553;1760;2;5000;2025-04-06
554;2841;2;5000;2025-03-30
555;344;2;5000;2025-01-22
556;975;2;5000;2025-02-13
557;1977;2;5000;2024-11-24
558;2975;2;5000;2024-11-27
559;1237;2;5000;2025-01-30
560;772;2;5000;2025-03-10
561;2831;2;5000;2025-02-07
562;120;2;5000;2025-01-30
563;2002;2;5000;2024-12-29
564;473;2;5000;2025-03-07
565;2498;2;5000;2025-02-06
566;1099;2;5000;2025-01-27
567;674;2;5000;2025-01-26
568;291;2;5000;2025-03-25
569;2733;2;5000;2025-03-15
570;1802;2;5000;2025-03-22
571;2171;2;5000;2024-12-09
572;2987;2;5000;2024-12-12
573;2627;2;5000;2025-04-13
574;1520;2;5000;2025-03-30
575;2058;2;5000;2025-01-07
576;2232;2;5000;2025-03-28
577;1378;2;5000;2025-02-22
578;2497;2;5000;2024-12-06
579;156;2;5000;2025-04-07
580;1846;2;5000;2025-04-09
581;2087;2;5000;2025-02-18
582;623;2;5000;2024-11-19
583;1034;2;5000;2024-12-06
584;2089;2;5000;2025-01-09
585;1955;2;5000;2025-01-14
586;2633;2;5000;2025-02-26
587;1964;2;5000;2024-12-15
588;1445;2;5000;2024-12-03
589;2306;2;5000;2025-03-17
590;805;2;5000;2025-03-23
591;1795;2;5000;2025-04-11
592;1636;2;5000;2024-12-30
593;2306;2;5000;2025-01-23
594;1520;2;5000;2024-12-13
595;2801;2;5000;2025-01-31
596;1868;2;5000;2025-01-21
597;2135;2;5000;2025-03-24
598;1342;2;5000;2024-12-21
599;1545;2;5000;2025-03-06
600;1909;2;5000;2025-03-06
601;1144;2;5000;2024-12-06
602;1698;2;5000;2025-01-02
603;2885;2;5000;2024-12-20
604;944;2;5000;2025-01-16
605;2574;2;5000;2025-04-16
606;554;2;5000;2025-03-20
607;1019;2;5000;2025-03-22
608;489;2;5000;2025-02-08
609;2391;2;5000;2025-01-21
610;2198;2;5000;2024-11-18
611;344;2;5000;2025-02-26
612;1541;2;5000;2025-01-31
613;474;2;5000;2025-01-14
614;1820;2;5000;2024-12-21
615;2072;2;5000;2025-04-01
616;419;2;5000;2025-03-14
617;913;2;5000;2025-02-10
618;2690;2;5000;2024-12-31
619;2578;2;5000;2025-03-23
620;39;2;5000;2025-02-27
621;2667;2;5000;2024-12-06
622;1663;2;5000;2024-12-30
623;1619;2;5000;2025-03-29
624;2224;2;5000;2025-03-21
625;404;2;5000;2025-04-13
626;2573;2;5000;2025-01-19
627;2370;2;5000;2025-04-12
628;827;2;5000;2025-02-21
629;951;2;5000;2025-03-20
630;1890;2;5000;2024-12-21
631;2660;2;5000;2025-01-09
632;26;2;5000;2024-11-21
633;1139;2;5000;2024-11-23
634;1733;2;5000;2025-03-23
635;1100;2;5000;2025-03-31
636;1227;2;5000;2024-12-02
637;1794;2;5000;2025-02-02
638;2655;2;5000;2025-02-04
639;216;2;5000;2025-02-10
640;2484;2;5000;2025-02-11
641;1898;2;5000;2025-01-26
642;1277;2;5000;2024-11-18
643;2562;2;5000;2025-01-26
644;2825;2;5000;2025-03-09
645;1917;2;5000;2024-12-25
646;2368;2;5000;2025-01-09
647;742;2;5000;2025-02-11
648;2928;2;5000;2025-03-03
649;2253;2;5000;2025-03-13
650;2601;2;5000;2024-12-12
651;1321;2;5000;2025-01-26
652;2598;2;5000;2025-03-01
653;2638;2;5000;2025-04-07
654;1575;2;5000;2025-03-23
655;922;2;5000;2024-12-13
656;2366;2;5000;2025-01-02
657;2460;2;5000;2025-04-09
658;1929;2;5000;2025-01-13
659;155;2;5000;2025-02-04
660;326;2;5000;2024-12-03
661;1670;2;5000;2025-02-09
662;987;2;5000;2025-03-22
663;1352;2;5000;2025-01-08
664;576;2;5000;2025-01-21
665;2298;2;5000;2025-01-19
666;577;2;5000;2025-01-14
667;2621;2;5000;2025-02-13
668;2150;2;5000;2025-01-17
669;1140;2;5000;2024-12-01
670;1207;2;5000;2025-02-12
671;751;2;5000;2025-04-12
672;1530;2;5000;2025-01-27
673;137;2;5000;2025-04-07
674;1536;2;5000;2025-01-03
675;63;2;5000;2024-11-29
676;108;2;5000;2025-01-31
677;1308;2;5000;2025-01-31
678;1082;2;5000;2025-01-30
679;2234;2;5000;2025-03-21
680;1117;2;5000;2025-04-02
681;2682;2;5000;2024-12-28
682;870;2;5000;2025-02-15
683;223;2;5000;2025-03-10
684;729;2;5000;2024-11-30
685;1743;2;5000;2025-02-05
686;1711;2;5000;2025-04-02
687;2370;2;5000;2024-12-26
688;1461;2;5000;2025-01-19
689;326;2;5000;2025-04-11
690;1384;2;5000;2025-02-21
691;2582;2;5000;2024-12-10
692;1182;2;5000;2024-12-16
693;1817;2;5000;2025-02-28
694;106;2;5000;2025-03-13
695;536;2;5000;2025-01-21
696;2070;2;5000;2025-04-06
697;2791;2;5000;2024-12-13
698;108;2;5000;2025-03-08
699;612;2;5000;2025-04-08
700;969;2;5000;2025-04-14
701;1339;2;5000;2025-03-12
702;1023;2;5000;2025-04-13
703;2502;2;5000;2025-02-03
704;1483;2;5000;2024-12-30
705;1282;2;5000;2024-12-31
706;2652;2;5000;2024-12-26
707;1778;2;5000;2025-01-13
708;86;2;5000;2025-02-18
709;1608;2;5000;2025-03-02
710;2806;2;5000;2025-02-18
711;1209;2;5000;2025-01-14
712;672;2;5000;2025-03-12
713;2325;2;5000;2024-12-05
714;1001;2;5000;2025-03-23
715;1241;2;5000;2025-02-19
716;1449;2;5000;2025-01-13
717;2851;2;5000;2025-03-02
718;1930;2;5000;2025-03-25
719;342;2;5000;2024-12-03
720;495;2;5000;2024-12-08
721;2384;2;5000;2025-01-19
722;2147;2;5000;2025-01-02
723;2607;2;5000;2025-03-14
724;1861;2;5000;2025-03-26
725;2477;2;5000;2025-01-16
726;2606;2;5000;2025-02-07
727;807;2;5000;2025-04-14
728;1003;2;5000;2025-04-11
729;1509;2;5000;2024-11-25
730;86;2;5000;2025-02-21
731;2670;2;5000;2025-04-01
732;56;2;5000;2024-11-22
733;676;2;5000;2025-04-13
734;1011;2;5000;2025-01-18
735;1380;2;5000;2025-02-07
736;13;2;5000;2024-12-19
737;2312;2;5000;2024-12-23
738;2084;2;5000;2025-01-18
739;2292;2;5000;2024-12-26
740;1050;2;5000;2025-01-04
741;556;2;5000;2025-02-05
742;1776;2;5000;2025-03-29
743;1217;2;5000;2025-03-03
744;2409;2;5000;2024-12-12
745;1786;2;5000;2025-02-18
746;2608;2;5000;2024-11-29
747;1364;2;5000;2025-01-06
748;736;2;5000;2024-11-29
749;1353;2;5000;2025-03-07
750;2926;2;5000;2025-02-22
751;919;2;5000;2025-01-31
752;529;2;5000;2024-11-27
753;1653;2;5000;2024-11-30
754;518;2;5000;2024-12-02
755;2486;2;5000;2025-03-10
756;2109;2;5000;2025-01-06
757;1186;2;5000;2025-02-07
758;1938;2;5000;2025-01-13
759;160;2;5000;2025-02-05
760;2072;2;5000;2025-04-02
761;595;2;5000;2025-03-27
762;2677;2;5000;2025-04-17
763;678;2;5000;2025-01-20
764;2046;2;5000;2024-11-21
765;1532;2;5000;2025-02-01
766;2152;2;5000;2025-01-03
767;340;2;5000;2025-02-17
768;903;2;5000;2025-04-12
769;387;2;5000;2024-12-19
770;2485;2;5000;2025-01-22
771;971;2;5000;2024-11-23
772;953;2;5000;2024-11-25
773;379;2;5000;2025-03-10
774;841;2;5000;2025-01-24
775;610;2;5000;2025-03-31
776;2889;2;5000;2025-03-01
777;2821;2;5000;2025-04-17
778;2775;2;5000;2024-12-11
779;2048;2;5000;2024-12-10
780;1981;2;5000;2025-03-31
781;250;2;5000;2025-02-12
782;2922;2;5000;2025-03-31
783;2243;2;5000;2025-01-07
784;694;2;5000;2024-12-13
785;510;2;5000;2025-02-10
786;381;2;5000;2024-11-29
787;741;2;5000;2025-02-01
788;917;2;5000;2024-11-26
789;1623;2;5000;2025-03-20
790;2118;2;5000;2025-01-29
791;838;2;5000;2025-01-26
792;1688;2;5000;2024-11-30
793;1312;2;5000;2025-04-06
794;571;2;5000;2025-01-09
795;496;2;5000;2025-03-01
796;2603;2;5000;2024-11-26
797;18;2;5000;2025-03-19
798;724;2;5000;2024-12-21
799;1120;2;5000;2025-03-08
800;1199;2;5000;2024-11-24
801;878;2;5000;2025-02-03
802;1506;2;5000;2025-03-17
803;1134;2;5000;2024-11-17
804;44;2;5000;2025-02-14
805;1628;2;5000;2024-12-24
806;2399;2;5000;2025-03-15
807;768;2;5000;2025-04-03
808;184;2;5000;2025-03-01
809;2266;2;5000;2025-04-04
810;797;2;5000;2024-12-04
811;1713;2;5000;2024-12-25
812;135;2;5000;2025-01-15
813;254;2;5000;2025-01-26
814;2765;2;5000;2025-01-16
815;231;2;5000;2024-11-27
816;872;2;5000;2025-03-18
817;65;2;5000;2024-12-19
818;942;2;5000;2025-02-20
819;738;2;5000;2025-01-02
820;1786;2;5000;2025-02-05
821;4;2;5000;2025-04-10
822;78;2;5000;2024-12-14
823;2648;2;5000;2024-12-26
824;1850;2;5000;2025-04-17
825;448;2;5000;2025-04-10
826;2154;2;5000;2024-12-13
827;1084;2;5000;2025-03-16
828;164;2;5000;2025-01-14
829;2830;2;5000;2024-12-08
830;9;2;5000;2025-01-15
831;1240;2;5000;2025-04-11
832;1986;2;5000;2024-12-17
833;2703;2;5000;2024-11-26
834;1894;2;5000;2024-12-04
835;1758;2;5000;2025-03-20
836;985;2;5000;2025-01-03
837;2438;2;5000;2024-12-04
838;465;2;5000;2025-02-20
839;2726;2;5000;2024-12-01
840;983;2;5000;2025-01-08
841;708;2;5000;2024-12-24
842;1938;2;5000;2025-03-10
843;2986;2;5000;2025-04-09
844;1923;2;5000;2025-03-12
845;1101;2;5000;2025-03-20
846;182;2;5000;2025-01-29
847;1919;2;5000;2025-02-02
848;2079;2;5000;2025-01-07
849;2152;2;5000;2025-01-11
850;2270;2;5000;2024-12-13
851;2432;2;5000;2025-03-25
852;2904;2;5000;2024-12-27
853;734;2;5000;2025-03-06
854;177;2;5000;2025-01-31
855;971;2;5000;2025-01-31
856;2554;2;5000;2024-11-28
857;1438;2;5000;2025-03-16
858;203;2;5000;2024-12-13
859;106;2;5000;2025-02-23
860;1698;2;5000;2025-03-30
861;2664;2;5000;2025-02-16
862;2230;2;5000;2025-02-26
863;1647;2;5000;2025-04-08
864;869;2;5000;2025-01-04
865;472;2;5000;2024-12-12
866;1141;2;5000;2024-12-31
867;1782;2;5000;2024-11-30
868;1847;2;5000;2025-02-18
869;2688;2;5000;2025-03-02
870;237;2;5000;2025-02-06
871;2744;2;5000;2025-02-17
872;324;2;5000;2024-12-31
873;1912;2;5000;2024-12-18
874;1383;2;5000;2024-12-04
875;904;2;5000;2024-12-13
876;443;2;5000;2025-02-15
877;643;2;5000;2025-01-03
878;2439;2;5000;2025-02-18
879;1925;2;5000;2024-12-02
880;1058;2;5000;2024-12-01
881;2591;2;5000;2025-02-19
882;1370;2;5000;2025-03-08
883;187;2;5000;2025-02-19
884;2834;2;5000;2024-12-29
885;1364;2;5000;2025-04-01
886;2447;2;5000;2025-02-18
887;1627;2;5000;2025-01-29
888;604;2;5000;2025-01-18
889;1781;2;5000;2025-03-25
890;472;2;5000;2025-01-20
891;313;2;5000;2025-01-09
892;2708;2;5000;2025-01-09
893;2134;2;5000;2025-02-17
894;2992;2;5000;2025-03-19
895;1374;2;5000;2024-12-03
896;1919;2;5000;2025-03-03
897;2248;2;5000;2025-01-05
898;2840;2;5000;2025-03-26
899;576;2;5000;2025-02-28
900;6;2;5000;2025-03-31
901;2574;2;5000;2025-03-21
902;1217;2;5000;2024-12-15
903;1592;2;5000;2024-12-26
904;2694;2;5000;2025-04-14
905;1523;2;5000;2025-01-08
906;557;2;5000;2025-03-18
907;689;2;5000;2025-01-26
908;1589;2;5000;2024-12-28
909;1534;2;5000;2025-01-19
910;1116;2;5000;2024-11-26
911;1317;2;5000;2025-04-15
912;874;2;5000;2025-02-22
913;867;2;5000;2025-03-06
914;386;2;5000;2025-03-12
915;1528;2;5000;2025-01-22
916;1131;2;5000;2025-01-12
917;1732;2;5000;2024-12-18
918;2931;2;5000;2024-12-19
919;2252;2;5000;2025-01-04
920;1929;2;5000;2025-02-16
921;2167;2;5000;2025-01-21
922;1638;2;5000;2024-12-15
923;467;2;5000;2025-03-25
924;974;2;5000;2024-12-05
925;1904;2;5000;2025-03-24
926;623;2;5000;2025-04-15
927;2287;2;5000;2025-02-10
928;1581;2;5000;2025-01-01
929;527;2;5000;2024-12-18
930;1257;2;5000;2025-01-12
931;1077;2;5000;2024-11-17
932;2555;2;5000;2025-03-28
933;2120;2;5000;2025-04-01
934;1356;2;5000;2025-02-12
935;1242;2;5000;2024-11-20
936;1571;2;5000;2025-03-26
937;1314;2;5000;2024-12-04
938;2623;2;5000;2024-12-24
939;213;2;5000;2024-12-20
940;2609;2;5000;2025-02-06
941;2331;2;5000;2024-11-28
942;454;2;5000;2024-12-30
943;1849;2;5000;2024-12-05
944;1097;2;5000;2024-11-21
945;1891;2;5000;2024-12-27
946;410;2;5000;2025-02-03
947;1993;2;5000;2025-03-16
948;1111;2;5000;2025-04-09
949;1847;2;5000;2025-01-24
950;1880;2;5000;2024-11-25
951;541;2;5000;2024-11-27
952;300;2;5000;2025-03-07
953;859;2;5000;2024-12-28
954;893;2;5000;2025-01-14
955;1408;2;5000;2024-12-11
956;1012;2;5000;2024-11-19
957;335;2;5000;2025-03-12
958;2460;2;5000;2024-11-25
959;1774;2;5000;2025-03-02
960;2467;2;5000;2024-12-06
961;1333;2;5000;2025-02-09
962;1480;2;5000;2025-02-04
963;1957;2;5000;2025-01-13
964;2294;2;5000;2025-01-13
965;1878;2;5000;2024-12-04
966;2555;2;5000;2025-03-10
967;1845;2;5000;2024-11-24
968;679;2;5000;2024-12-07
969;1074;2;5000;2024-12-25
970;1474;2;5000;2025-02-28
971;1327;2;5000;2024-12-15
972;1252;2;5000;2024-12-25
973;216;2;5000;2024-12-14
974;1049;2;5000;2025-02-18
975;792;2;5000;2024-12-15
976;401;2;5000;2025-01-12
977;1808;2;5000;2025-04-15
978;1126;2;5000;2024-12-25
979;1827;2;5000;2025-02-16
980;77;2;5000;2025-03-29
981;1227;2;5000;2024-12-01
982;2445;2;5000;2025-01-20
983;260;2;5000;2025-03-11
984;735;2;5000;2025-02-22
985;2141;2;5000;2024-11-27
986;486;2;5000;2025-02-01
987;2176;2;5000;2025-03-03
988;2316;2;5000;2024-12-21
989;1899;2;5000;2024-11-30
990;138;2;5000;2024-11-23
991;1102;2;5000;2024-12-19
992;2721;2;5000;2025-03-04
993;1890;2;5000;2025-03-09
994;2349;2;5000;2025-02-02
995;90;2;5000;2025-01-14
996;2667;2;5000;2025-01-01
997;1759;2;5000;2025-01-31
998;2986;2;5000;2025-02-19
999;2676;2;5000;2025-04-10
1000;547;2;5000;2025-02-18
1001;337;2;5000;2025-04-17
1002;651;2;5000;2024-12-30
1003;2017;2;5000;2025-02-26
1004;1947;2;5000;2025-04-11
1005;1274;2;5000;2024-12-08
1006;720;2;5000;2024-11-26
1007;2406;2;5000;2024-12-29
1008;1691;2;5000;2024-12-05
1009;985;2;5000;2025-02-16
1010;2571;2;5000;2024-12-24
1011;2910;2;5000;2025-02-01
1012;414;2;5000;2025-03-08
1013;1137;2;5000;2025-04-13
1014;1764;2;5000;2025-01-20
1015;1009;2;5000;2025-04-09
1016;1302;2;5000;2025-03-20
1017;846;2;5000;2025-01-24
1018;1252;2;5000;2025-04-03
1019;2366;2;5000;2025-02-16
1020;1197;2;5000;2025-03-06
1021;1786;2;5000;2025-01-04
1022;133;2;5000;2025-01-10
1023;1061;2;5000;2024-11-24
1024;1907;2;5000;2025-02-17
1025;2942;2;5000;2025-04-09
1026;146;2;5000;2025-02-04
1027;1397;2;5000;2025-03-10
1028;426;2;5000;2025-04-13
1029;2566;2;5000;2025-01-17
1030;982;2;5000;2025-02-14
1031;1723;2;5000;2024-11-23
1032;225;2;5000;2025-01-13
1033;1554;2;5000;2025-04-01
1034;503;2;5000;2025-02-25
1035;471;2;5000;2025-03-15
1036;2624;2;5000;2025-01-21
1037;1914;2;5000;2025-02-26
1038;1601;2;5000;2025-02-06
1039;2747;2;5000;2025-03-22
1040;2261;2;5000;2025-03-22
1041;2428;2;5000;2025-03-09
1042;1089;2;5000;2025-01-28
1043;579;2;5000;2024-12-20
1044;1554;2;5000;2025-03-26
1045;1225;2;5000;2024-12-10
1046;1917;2;5000;2025-02-10
1047;2542;2;5000;2025-03-28
1048;864;2;5000;2025-01-04
1049;2990;2;5000;2025-01-15
1050;2993;2;5000;2024-12-12
1051;2084;2;5000;2025-01-28
1052;604;2;5000;2024-11-29
1053;1085;2;5000;2025-03-05
1054;790;2;5000;2025-02-14
1055;2580;2;5000;2025-04-03
1056;992;2;5000;2025-04-16
1057;1393;2;5000;2025-03-24
1058;722;2;5000;2024-12-01
1059;939;2;5000;2024-12-22
1060;1851;2;5000;2025-01-25
1061;1180;2;5000;2025-04-06
1062;2962;2;5000;2025-03-18
1063;1268;2;5000;2025-04-17
1064;747;2;5000;2025-01-08
1065;2508;2;5000;2025-02-23
1066;1502;2;5000;2024-12-30
1067;5;2;5000;2025-03-17
1068;2154;2;5000;2025-01-24
1069;2087;2;5000;2025-02-22
1070;2466;2;5000;2024-11-23
1071;1356;2;5000;2025-02-04
1072;2241;2;5000;2025-01-05
1073;2342;2;5000;2025-01-28
1074;819;2;5000;2025-02-02
1075;1690;2;5000;2025-01-29
1076;1132;2;5000;2024-11-25
1077;2086;2;5000;2025-03-16
1078;262;2;5000;2025-01-17
1079;1381;2;5000;2025-04-13
1080;1368;2;5000;2024-12-31
1081;727;2;5000;2025-01-03
1082;2649;2;5000;2025-02-28
1083;2183;2;5000;2025-02-18
1084;764;2;5000;2024-11-24
1085;1236;2;5000;2025-01-11
1086;556;2;5000;2025-04-08
1087;2868;2;5000;2025-03-15
1088;1168;2;5000;2025-03-08
1089;443;2;5000;2025-03-09
1090;682;2;5000;2024-11-29
1091;2786;2;5000;2024-12-07
1092;1186;2;5000;2025-03-06
1093;2843;2;5000;2025-03-06
1094;355;2;5000;2025-03-11
1095;89;2;5000;2025-03-18
1096;2555;2;5000;2024-12-05
1097;554;2;5000;2025-02-18
1098;207;2;5000;2024-12-22
1099;911;2;5000;2024-12-24
1100;1239;2;5000;2025-01-11
1101;2014;2;5000;2025-04-07
1102;1359;2;5000;2025-02-15
1103;360;2;5000;2025-03-06
1104;1270;2;5000;2025-04-17
1105;1209;2;5000;2025-01-12
1106;798;2;5000;2025-02-20
1107;1521;2;5000;2025-04-06
1108;2958;2;5000;2025-02-17
1109;2135;2;5000;2024-12-02
1110;2346;2;5000;2024-12-18
1111;274;2;5000;2024-12-18
1112;2199;2;5000;2025-02-22
1113;1184;2;5000;2025-02-27
1114;1591;2;5000;2024-11-17
1115;2510;2;5000;2025-03-28
1116;1460;2;5000;2025-01-29
1117;2278;2;5000;2025-04-16
1118;1789;2;5000;2025-03-01
1119;56;2;5000;2025-01-20
1120;2909;2;5000;2024-12-20
1121;876;2;5000;2025-04-14
1122;2820;2;5000;2025-02-14
1123;366;2;5000;2025-01-15
1124;1872;2;5000;2025-03-01
1125;1335;2;5000;2025-02-05
1126;748;2;5000;2024-12-01
1127;2392;2;5000;2024-11-29
1128;1896;2;5000;2025-03-20
1129;2548;2;5000;2024-12-16
1130;1793;2;5000;2025-02-07
1131;1336;2;5000;2025-02-08
1132;1922;2;5000;2025-03-14
1133;2662;2;5000;2025-03-17
1134;780;2;5000;2024-12-28
1135;1245;2;5000;2025-01-31
1136;72;2;5000;2025-04-10
1137;809;2;5000;2025-01-05
1138;626;2;5000;2025-01-24
1139;2986;2;5000;2024-12-27
1140;1480;2;5000;2025-03-09
1141;1078;2;5000;2025-02-05
1142;1635;2;5000;2024-12-30
1143;1142;2;5000;2025-01-23
1144;2379;2;5000;2025-03-07
1145;1903;2;5000;2024-12-30
1146;389;2;5000;2025-01-25
1147;236;2;5000;2025-02-24
1148;1247;2;5000;2024-12-21
1149;2663;2;5000;2025-03-22
1150;85;2;5000;2025-02-08
1151;1619;2;5000;2025-01-16
1152;616;2;5000;2025-01-22
1153;1342;2;5000;2025-01-28
1154;2318;2;5000;2025-02-07
1155;2183;2;5000;2025-03-02
1156;1455;2;5000;2025-01-03
1157;189;2;5000;2025-01-16
1158;1172;2;5000;2024-12-25
1159;448;2;5000;2025-01-28
1160;705;2;5000;2025-03-03
1161;898;2;5000;2025-02-23
1162;2726;2;5000;2024-12-08
1163;1289;2;5000;2025-01-06
1164;2063;2;5000;2025-02-27
1165;543;2;5000;2024-12-30
1166;689;2;5000;2025-02-20
1167;1945;2;5000;2025-03-30
1168;558;2;5000;2025-01-15
1169;1929;2;5000;2025-03-05
1170;245;2;5000;2025-02-01
1171;1909;2;5000;2025-04-12
1172;1341;2;5000;2025-01-26
1173;747;2;5000;2025-01-13
1174;1311;2;5000;2024-12-28
1175;2335;2;5000;2025-02-22
1176;2550;2;5000;2025-04-02
1177;2335;2;5000;2024-11-29
1178;1652;2;5000;2025-02-18
1179;1096;2;5000;2025-02-05
1180;2217;2;5000;2024-12-07
1181;1986;2;5000;2025-03-07
1182;1311;2;5000;2025-01-05
1183;1409;2;5000;2025-02-09
1184;419;2;5000;2024-12-26
1185;2888;2;5000;2025-01-09
1186;1924;2;5000;2024-12-03
1187;1960;2;5000;2025-04-03
1188;975;2;5000;2025-04-04
1189;2269;2;5000;2025-04-02
1190;2440;2;5000;2025-03-18
1191;2646;2;5000;2025-01-03
1192;1256;2;5000;2025-03-11
1193;763;2;5000;2025-02-07
1194;2808;2;5000;2025-03-02
1195;1637;2;5000;2025-01-22
1196;2833;2;5000;2024-11-20
1197;25;2;5000;2025-03-31
1198;1485;2;5000;2024-11-25
1199;1727;2;5000;2025-01-20
1200;126;2;5000;2024-12-02
1201;2892;2;5000;2024-11-25
1202;1262;2;5000;2025-02-26
1203;1739;2;5000;2025-01-23
1204;2843;2;5000;2025-01-20
1205;2774;2;5000;2025-04-16
1206;2814;2;5000;2024-12-05
1207;2212;2;5000;2025-01-07
1208;2330;2;5000;2025-03-09
1209;2470;2;5000;2024-11-29
1210;2822;2;5000;2025-03-26
1211;901;2;5000;2025-03-04
1212;1808;2;5000;2025-01-24
1213;2861;2;5000;2024-12-01
1214;156;2;5000;2024-12-05
1215;1377;2;5000;2025-02-15
1216;1250;2;5000;2025-02-14
1217;363;2;5000;2025-03-11
1218;653;2;5000;2025-03-15
1219;1183;2;5000;2025-01-31
1220;2172;2;5000;2025-03-31
1221;1234;2;5000;2025-01-13
1222;1369;2;5000;2024-11-18
1223;2372;2;5000;2024-11-20
1224;2479;2;5000;2025-03-20
1225;960;2;5000;2025-03-26
1226;2097;2;5000;2025-01-28
1227;1923;2;5000;2025-02-23
1228;911;2;5000;2025-03-08
1229;2507;2;5000;2025-01-10
1230;439;2;5000;2024-11-19
1231;2950;2;5000;2025-01-20
1232;710;2;5000;2025-02-04
1233;1652;2;5000;2024-12-19
1234;139;2;5000;2025-02-04
1235;2661;2;5000;2025-01-13
1236;550;2;5000;2025-01-21
1237;2208;2;5000;2025-01-07
1238;1777;2;5000;2024-12-20
1239;929;2;5000;2025-01-11
1240;2306;2;5000;2025-03-06
1241;1975;2;5000;2025-03-31
1242;1076;2;5000;2025-04-09
1243;2200;2;5000;2025-04-14
1244;1532;2;5000;2024-12-01
1245;195;2;5000;2025-03-05
1246;756;2;5000;2025-01-08
1247;2559;2;5000;2025-03-17
1248;904;2;5000;2025-01-06
1249;1678;2;5000;2025-02-02
1250;999;2;5000;2025-02-20
1251;1563;2;5000;2025-01-25
1252;279;2;5000;2025-03-21
1253;1714;2;5000;2025-04-03
1254;2357;2;5000;2025-02-13
1255;1162;2;5000;2025-02-12
1256;1941;2;5000;2025-02-17
1257;1782;2;5000;2025-01-18
1258;592;2;5000;2025-02-05
1259;1488;2;5000;2025-03-09
1260;1337;2;5000;2024-11-18
1261;1101;2;5000;2025-03-09
1262;2191;2;5000;2025-02-25
1263;1784;2;5000;2024-12-01
1264;1325;2;5000;2025-04-14
1265;1560;2;5000;2025-03-11
1266;107;2;5000;2025-03-30
1267;943;2;5000;2025-01-27
1268;1095;2;5000;2025-03-09
1269;175;2;5000;2025-02-15
1270;732;2;5000;2025-01-21
1271;2565;2;5000;2025-02-07
1272;530;2;5000;2024-12-25
1273;434;2;5000;2024-12-23
1274;2185;2;5000;2024-12-20
1275;2443;2;5000;2025-03-11
1276;855;2;5000;2025-02-07
1277;1895;2;5000;2024-11-24
1278;2728;2;5000;2025-02-16
1279;1424;2;5000;2025-03-30
1280;2532;2;5000;2025-01-03
1281;547;2;5000;2025-03-20
1282;841;2;5000;2025-02-17
1283;952;2;5000;2025-04-10
1284;1013;2;5000;2025-03-09
1285;428;2;5000;2025-02-25
1286;2122;2;5000;2025-02-06
1287;2815;2;5000;2025-03-23
1288;1160;2;5000;2025-03-11
1289;2489;2;5000;2025-01-10
1290;2235;2;5000;2025-01-07
1291;718;2;5000;2025-04-11
1292;494;2;5000;2025-01-26
1293;1942;2;5000;2025-01-23
1294;1652;2;5000;2025-03-16
1295;2163;2;5000;2025-01-14
1296;1889;2;5000;2025-03-28
1297;1420;2;5000;2024-11-24
1298;316;2;5000;2024-11-20
1299;1363;2;5000;2025-01-10
1300;1803;2;5000;2025-02-01
1301;1339;2;5000;2025-03-07
1302;1256;2;5000;2025-01-21
1303;792;2;5000;2024-12-08
1304;1678;2;5000;2025-02-17
1305;186;2;5000;2025-01-25
1306;1455;2;5000;2025-03-28
1307;1564;2;5000;2025-03-27
1308;97;2;5000;2025-01-13
1309;1683;2;5000;2025-02-26
1310;1602;2;5000;2025-01-20
1311;1455;2;5000;2025-04-03
1312;2497;2;5000;2025-03-15
1313;1515;2;5000;2025-01-21
1314;2770;2;5000;2024-12-05
1315;2122;2;5000;2024-11-20
1316;255;2;5000;2025-01-20
1317;92;2;5000;2024-12-25
1318;650;2;5000;2025-04-08
1319;2090;2;5000;2024-12-18
1320;2681;2;5000;2024-12-24
1321;2257;2;5000;2025-01-07
1322;2768;2;5000;2025-02-06
1323;2194;2;5000;2025-01-13
1324;2260;2;5000;2025-04-01
1325;2307;2;5000;2024-12-09
1326;778;2;5000;2025-03-31
1327;2522;2;5000;2024-12-09
1328;1802;2;5000;2025-03-21
1329;2390;2;5000;2025-03-19
1330;2566;2;5000;2024-11-23
1331;1257;2;5000;2024-11-26
1332;2785;2;5000;2024-12-13
1333;1648;2;5000;2025-03-31
1334;1910;2;5000;2025-01-27
1335;2142;2;5000;2025-04-02
1336;1717;2;5000;2025-03-23
1337;2372;2;5000;2025-02-07
1338;2674;2;5000;2025-01-16
1339;446;2;5000;2025-02-01
1340;1218;2;5000;2025-04-12
1341;1945;2;5000;2025-02-06
1342;1849;2;5000;2024-12-29
1343;1511;2;5000;2025-02-06
1344;1417;2;5000;2025-03-27
1345;1159;2;5000;2025-03-29
1346;2429;2;5000;2025-04-04
1347;1404;2;5000;2025-04-12
1348;1080;2;5000;2024-11-27
1349;393;2;5000;2024-12-10
1350;2422;2;5000;2024-12-08
1351;2040;2;5000;2025-04-17
1352;1000;2;5000;2025-02-25
1353;55;2;5000;2024-12-29
1354;977;2;5000;2025-04-09
1355;2642;2;5000;2024-11-22
1356;2091;2;5000;2025-02-19
1357;1445;2;5000;2025-01-29
1358;1043;2;5000;2025-04-09
1359;801;2;5000;2024-12-22
1360;6;2;5000;2025-03-20
1361;2163;2;5000;2025-02-22
1362;2717;2;5000;2025-01-26
1363;1676;2;5000;2025-01-04
1364;1929;2;5000;2025-01-09
1365;531;2;5000;2025-01-30
1366;5;2;5000;2025-02-10
1367;47;2;5000;2024-12-24
1368;811;2;5000;2025-03-11
1369;2437;2;5000;2024-12-01
1370;1898;2;5000;2025-02-20
1371;801;2;5000;2025-04-05
1372;83;2;5000;2024-12-28
1373;2569;2;5000;2024-12-18
1374;1146;2;5000;2025-02-02
1375;1468;2;5000;2025-04-02
1376;2840;2;5000;2025-02-11
1377;1398;2;5000;2024-12-15
1378;61;2;5000;2025-04-02
1379;2742;2;5000;2025-04-15
1380;1195;2;5000;2025-02-18
1381;1028;2;5000;2024-12-17
1382;662;2;5000;2024-11-30
1383;879;2;5000;2025-01-08
1384;2234;2;5000;2024-12-10
1385;1123;2;5000;2024-11-23
1386;2053;2;5000;2024-12-31
1387;1146;2;5000;2024-12-24
1388;1090;2;5000;2025-03-16
1389;1586;2;5000;2024-12-28
1390;1065;2;5000;2025-04-12
1391;1562;2;5000;2024-11-22
1392;1236;2;5000;2025-04-10
1393;833;2;5000;2025-02-09
1394;2431;2;5000;2025-03-05
1395;2258;2;5000;2024-12-11
1396;2048;2;5000;2025-02-03
1397;2079;2;5000;2025-02-10
1398;235;2;5000;2024-12-04
1399;2601;2;5000;2025-03-06
1400;1104;2;5000;2025-01-25
1401;2455;2;5000;2024-12-13
1402;2355;2;5000;2025-03-22
1403;2756;2;5000;2024-11-17
1404;219;2;5000;2024-11-30
1405;2423;2;5000;2025-04-14
1406;306;2;5000;2025-01-20
1407;1863;2;5000;2025-01-30
1408;2496;2;5000;2025-03-10
1409;301;2;5000;2024-12-01
1410;904;2;5000;2025-02-02
1411;2068;2;5000;2024-11-30
1412;1302;2;5000;2024-11-25
1413;2353;2;5000;2025-04-15
1414;2888;2;5000;2025-01-24
1415;2718;2;5000;2025-03-10
1416;2672;2;5000;2025-02-25
1417;2825;2;5000;2025-01-28
1418;1192;2;5000;2025-02-28
1419;2235;2;5000;2025-01-19
1420;2994;2;5000;2025-02-18
1421;876;2;5000;2024-12-09
1422;2300;2;5000;2025-03-26
1423;1250;2;5000;2025-01-18
1424;1408;2;5000;2025-02-19
1425;1913;2;5000;2025-04-12
1426;1813;2;5000;2025-04-11
1427;121;2;5000;2025-01-08
1428;2327;2;5000;2024-12-05
1429;1569;2;5000;2025-03-25
1430;744;2;5000;2025-02-12
1431;2239;2;5000;2025-04-09
1432;1286;2;5000;2025-03-29
1433;1307;2;5000;2025-03-30
1434;2899;2;5000;2025-04-07
1435;1535;2;5000;2024-12-05
1436;1212;2;5000;2024-12-25
1437;1382;2;5000;2025-01-01
1438;2262;2;5000;2024-12-25
1439;1584;2;5000;2024-11-22
1440;2394;2;5000;2025-03-28
1441;635;2;5000;2025-04-01
1442;2797;2;5000;2025-03-04
1443;2473;2;5000;2025-04-16
1444;2592;2;5000;2025-02-18
1445;821;2;5000;2025-02-28
1446;239;2;5000;2025-01-03
1447;2457;2;5000;2024-12-21
1448;2895;2;5000;2025-03-26
1449;319;2;5000;2025-03-27
1450;1331;2;5000;2025-01-26
1451;515;2;5000;2025-03-23
1452;851;2;5000;2024-12-28
1453;861;2;5000;2025-03-25
1454;555;2;5000;2024-11-17
1455;1417;2;5000;2024-12-16
1456;2761;2;5000;2025-04-17
1457;1577;2;5000;2025-01-03
1458;305;2;5000;2024-11-22
1459;111;2;5000;2025-04-06
1460;2581;2;5000;2025-03-11
1461;1485;2;5000;2024-12-08
1462;1103;2;5000;2025-01-23
1463;2130;2;5000;2025-04-01
1464;2804;2;5000;2025-03-02
1465;2507;2;5000;2025-03-07
1466;220;2;5000;2025-01-02
1467;1292;2;5000;2024-12-31
1468;261;2;5000;2025-01-09
1469;1819;2;5000;2024-12-11
1470;93;2;5000;2025-01-23
1471;1787;2;5000;2024-12-18
1472;2769;2;5000;2025-01-18
1473;1012;2;5000;2025-03-18
1474;1826;2;5000;2025-01-14
1475;211;2;5000;2025-02-04
1476;1248;2;5000;2025-02-16
1477;1152;2;5000;2025-04-17
1478;2829;2;5000;2025-01-03
1479;1352;2;5000;2025-04-09
1480;1860;2;5000;2024-11-21
1481;2829;2;5000;2025-04-04
1482;1337;2;5000;2025-01-21
1483;2985;2;5000;2025-01-13
1484;790;2;5000;2025-04-11
1485;101;2;5000;2024-12-06
1486;1105;2;5000;2025-04-10
1487;1995;2;5000;2025-01-19
1488;1280;2;5000;2025-03-08
1489;2399;2;5000;2025-03-05
1490;2980;2;5000;2024-12-19
1491;2722;2;5000;2025-03-14
1492;2472;2;5000;2024-11-29
1493;1243;2;5000;2024-12-31
1494;2951;2;5000;2025-03-08
1495;847;2;5000;2025-03-28
1496;1345;2;5000;2025-03-24
1497;787;2;5000;2025-02-13
1498;394;2;5000;2025-04-07
1499;2668;2;5000;2024-12-24
1500;2294;2;5000;2025-02-09
1501;264;2;5000;2025-02-04
1502;1147;2;5000;2025-02-07
1503;674;2;5000;2025-04-08
1504;2144;2;5000;2025-04-11
1505;892;2;5000;2024-12-09
1506;1101;2;5000;2025-03-06
1507;500;2;5000;2025-02-12
1508;783;2;5000;2025-02-09
1509;362;2;5000;2025-01-30
1510;2099;2;5000;2025-01-06
1511;2950;2;5000;2024-12-29
1512;735;2;5000;2025-01-27
1513;1320;2;5000;2025-04-17
1514;1655;2;5000;2025-02-04
1515;2050;2;5000;2025-04-15
1516;2119;2;5000;2025-01-31
1517;2698;2;5000;2025-01-11
1518;178;2;5000;2024-12-26
1519;966;2;5000;2025-03-23
1520;1105;2;5000;2025-03-24
1521;2946;2;5000;2025-02-13
1522;2581;2;5000;2025-02-28
1523;1762;2;5000;2025-03-15
1524;746;2;5000;2024-11-18
1525;2851;2;5000;2025-02-13
1526;956;2;5000;2025-03-03
1527;2867;2;5000;2025-03-19
1528;2968;2;5000;2024-12-08
1529;1810;2;5000;2025-02-05
1530;2047;2;5000;2024-12-20
1531;1678;2;5000;2025-01-10
1532;2647;2;5000;2025-03-20
1533;2182;2;5000;2024-11-27
1534;1827;2;5000;2024-12-11
1535;1687;2;5000;2025-03-11
1536;2608;2;5000;2025-03-05
1537;1249;2;5000;2025-03-19
1538;1633;2;5000;2025-01-10
1539;1031;2;5000;2024-12-27
1540;2893;2;5000;2024-12-29
1541;9;2;5000;2025-02-09
1542;1756;2;5000;2025-01-22
1543;698;2;5000;2025-04-07
1544;9;2;5000;2025-03-04
1545;1136;2;5000;2025-03-19
1546;2091;2;5000;2025-01-09
1547;2116;2;5000;2025-02-18
1548;2566;2;5000;2025-02-19
1549;1246;2;5000;2025-01-15
1550;1918;2;5000;2025-01-16
1551;1189;2;5000;2025-03-20
1552;2144;2;5000;2025-02-27
1553;1229;2;5000;2024-12-24
1554;2316;2;5000;2025-01-10
1555;621;2;5000;2025-02-05
1556;992;2;5000;2025-03-02
1557;2388;2;5000;2025-02-20
1558;1016;2;5000;2025-03-24
1559;1384;2;5000;2025-01-24
1560;1211;2;5000;2024-11-20
1561;646;2;5000;2025-01-16
1562;2677;2;5000;2025-03-13
1563;2344;2;5000;2025-02-05
1564;1718;2;5000;2025-01-04
1565;985;2;5000;2025-02-19
1566;1273;2;5000;2024-12-04
1567;2847;2;5000;2025-04-07
1568;1309;2;5000;2025-01-05
1569;1358;2;5000;2025-03-30
1570;566;2;5000;2025-03-04
1571;593;2;5000;2024-12-23
1572;733;2;5000;2025-02-06
1573;2812;2;5000;2025-03-31
1574;2797;2;5000;2025-01-03
1575;2347;2;5000;2025-01-30
1576;2733;2;5000;2025-03-23
1577;658;2;5000;2025-04-05
1578;2479;2;5000;2025-02-20
1579;2647;2;5000;2025-03-27
1580;2585;2;5000;2025-01-09
1581;482;2;5000;2024-12-25
1582;385;2;5000;2025-01-22
1583;1285;2;5000;2025-03-03
1584;403;2;5000;2025-01-05
1585;1471;2;5000;2024-12-02
1586;1382;2;5000;2025-02-15
1587;1414;2;5000;2025-03-03
1588;2609;2;5000;2025-03-26
1589;1932;2;5000;2024-12-08
1590;2854;2;5000;2025-02-04
1591;249;2;5000;2025-03-23
1592;665;2;5000;2025-03-02
1593;936;2;5000;2025-02-03
1594;2307;2;5000;2025-02-01
1595;1108;2;5000;2024-12-27
1596;2478;2;5000;2025-01-16
1597;512;2;5000;2025-04-16
1598;2501;2;5000;2025-03-23
1599;2952;2;5000;2025-03-26
1600;2943;2;5000;2025-03-22
1601;2905;2;5000;2024-12-03
1602;143;2;5000;2024-12-15
1603;1508;2;5000;2025-03-10
1604;1460;2;5000;2025-04-13
1605;707;2;5000;2024-12-06
1606;1228;2;5000;2025-03-22
1607;261;2;5000;2025-02-25
1608;1733;2;5000;2025-01-21
1609;536;2;5000;2024-12-17
1610;919;2;5000;2025-03-27
1611;1377;2;5000;2025-02-15
1612;1133;2;5000;2025-04-13
1613;2246;2;5000;2025-02-26
1614;2862;2;5000;2024-12-06
1615;1579;2;5000;2025-01-15
1616;1799;2;5000;2025-03-12
1617;1890;2;5000;2025-02-15
1618;940;2;5000;2025-01-17
1619;2055;2;5000;2025-02-21
1620;1123;2;5000;2025-01-25
1621;199;2;5000;2024-11-20
1622;2911;2;5000;2025-02-17
1623;1068;2;5000;2025-01-20
1624;1216;2;5000;2025-03-10
1625;2235;2;5000;2025-01-14
1626;2736;2;5000;2025-03-26
1627;1517;2;5000;2025-04-11
1628;696;2;5000;2025-01-24
1629;2417;2;5000;2025-04-05
1630;1580;2;5000;2025-01-04
1631;713;2;5000;2024-11-27
1632;402;2;5000;2025-03-08
1633;1480;2;5000;2024-12-23
1634;1877;2;5000;2025-03-29
1635;1167;2;5000;2025-04-02
1636;2271;2;5000;2025-03-04
1637;2441;2;5000;2025-04-01
1638;109;2;5000;2025-02-17
1639;345;2;5000;2025-01-18
1640;823;2;5000;2025-03-30
1641;1813;2;5000;2025-03-24
1642;2086;2;5000;2024-11-30
1643;2706;2;5000;2025-01-28
1644;1676;2;5000;2025-03-04
1645;2912;2;5000;2024-12-11
1646;1871;2;5000;2025-01-26
1647;2695;2;5000;2025-04-03
1648;63;2;5000;2025-03-24
1649;145;2;5000;2025-02-27
1650;2710;2;5000;2024-12-27
1651;2105;2;5000;2024-12-25
1652;2129;2;5000;2024-12-25
1653;2344;2;5000;2024-11-22
1654;1176;2;5000;2024-12-27
1655;813;2;5000;2025-01-30
1656;1737;2;5000;2025-02-21
1657;2914;2;5000;2025-03-06
1658;847;2;5000;2024-11-19
1659;1947;2;5000;2025-02-12
1660;507;2;5000;2024-11-21
1661;2674;2;5000;2025-03-19
1662;2967;2;5000;2025-02-08
1663;2270;2;5000;2025-01-29
1664;2281;2;5000;2025-01-06
1665;2900;2;5000;2025-01-30
1666;2701;2;5000;2025-03-04
1667;1124;2;5000;2025-03-12
1668;695;2;5000;2025-01-20
1669;2821;2;5000;2025-02-11
1670;790;2;5000;2025-01-21
1671;2722;2;5000;2024-12-26
1672;2896;2;5000;2025-04-08
1673;2253;2;5000;2024-12-14
1674;2647;2;5000;2025-01-29
1675;576;2;5000;2025-02-18
1676;783;2;5000;2024-12-18
1677;2109;2;5000;2024-12-08
1678;1831;2;5000;2025-02-22
1679;292;2;5000;2024-12-30
1680;1593;2;5000;2025-03-16
1681;2869;2;5000;2024-12-28
1682;1469;2;5000;2024-11-24
1683;1076;2;5000;2024-12-08
1684;573;2;5000;2024-11-27
1685;1110;2;5000;2025-03-10
1686;1614;2;5000;2024-11-30
1687;1107;2;5000;2025-03-25
1688;1052;2;5000;2025-03-16
1689;1272;2;5000;2025-01-17
1690;2836;2;5000;2024-12-16
1691;1941;2;5000;2025-01-14
1692;2427;2;5000;2025-02-05
1693;39;2;5000;2025-01-13
1694;2484;2;5000;2024-12-07
1695;67;2;5000;2025-01-12
1696;1581;2;5000;2025-04-06
1697;2226;2;5000;2024-12-01
1698;1100;2;5000;2024-12-26
1699;975;2;5000;2024-12-13
1700;2288;2;5000;2024-11-23
1701;2787;2;5000;2025-03-26
1702;1403;2;5000;2025-02-06
1703;1689;2;5000;2025-02-14
1704;567;2;5000;2024-12-06
1705;1702;2;5000;2025-02-07
1706;2535;2;5000;2025-01-13
1707;858;2;5000;2025-03-23
1708;187;2;5000;2025-03-20
1709;2450;2;5000;2024-11-30
1710;737;2;5000;2025-03-30
1711;383;2;5000;2024-11-30
1712;1270;2;5000;2024-12-08
1713;2727;2;5000;2024-12-02
1714;8;2;5000;2025-03-04
1715;1970;2;5000;2024-11-20
1716;819;2;5000;2024-12-25
1717;2384;2;5000;2025-03-21
1718;2318;2;5000;2025-03-04
1719;451;2;5000;2025-02-20
1720;1575;2;5000;2025-03-26
1721;1482;2;5000;2025-03-10
1722;2869;2;5000;2024-12-30
1723;579;2;5000;2025-03-23
1724;1330;2;5000;2024-12-26
1725;2264;2;5000;2025-01-04
1726;2309;2;5000;2025-02-02
1727;2166;2;5000;2025-04-17
1728;7;2;5000;2025-03-19
1729;780;2;5000;2025-02-07
1730;2712;2;5000;2024-12-04
1731;387;2;5000;2025-04-14
1732;1986;2;5000;2025-02-06
1733;1871;2;5000;2025-02-01
1734;1054;2;5000;2025-01-07
1735;184;2;5000;2025-03-19
1736;1859;2;5000;2025-02-09
1737;2284;2;5000;2025-03-14
1738;1323;2;5000;2024-12-06
1739;2831;2;5000;2025-01-24
1740;69;2;5000;2025-02-26
1741;2777;2;5000;2025-04-09
1742;2799;2;5000;2025-03-29
1743;1096;2;5000;2025-04-02
1744;2901;2;5000;2025-01-18
1745;2931;2;5000;2025-01-21
1746;80;2;5000;2025-01-15
1747;945;2;5000;2024-12-22
1748;43;2;5000;2025-02-26
1749;685;2;5000;2025-02-18
1750;928;2;5000;2025-01-06
1751;1024;2;5000;2024-12-07
1752;20;2;5000;2025-01-05
1753;2875;2;5000;2025-03-09
1754;467;2;5000;2025-02-19
1755;308;2;5000;2025-01-21
1756;2729;2;5000;2025-03-24
1757;2622;2;5000;2025-03-30
1758;2254;2;5000;2025-04-16
1759;378;2;5000;2024-12-20
1760;2203;2;5000;2025-03-03
1761;1262;2;5000;2025-02-13
1762;1133;2;5000;2024-12-08
1763;2680;2;5000;2025-01-12
1764;2160;2;5000;2024-12-28
1765;1425;2;5000;2024-11-22
1766;1053;2;5000;2025-03-09
1767;1901;2;5000;2024-12-16
1768;214;2;5000;2024-11-21
1769;1417;2;5000;2025-03-12
1770;2182;2;5000;2024-12-30
1771;2223;2;5000;2024-12-10
1772;823;2;5000;2025-02-14
1773;10;2;5000;2025-03-26
1774;1176;2;5000;2025-01-02
1775;2266;2;5000;2025-04-06
1776;2862;2;5000;2024-12-13
1777;506;2;5000;2025-01-02
1778;2402;2;5000;2025-01-11
1779;61;2;5000;2024-12-20
1780;1185;2;5000;2025-04-16
1781;2037;2;5000;2024-12-16
1782;1044;2;5000;2024-12-11
1783;937;2;5000;2025-02-26
1784;1064;2;5000;2025-03-31
1785;2995;2;5000;2024-12-30
1786;994;2;5000;2025-01-12
1787;2294;2;5000;2025-03-12
1788;835;2;5000;2025-02-28
1789;2801;2;5000;2025-04-14
1790;202;2;5000;2025-01-11
1791;2917;2;5000;2025-01-10
1792;915;2;5000;2025-02-16
1793;1653;2;5000;2025-03-23
1794;553;2;5000;2025-02-22
1795;2267;2;5000;2024-12-30
1796;1648;2;5000;2025-01-03
1797;1540;2;5000;2024-11-22
1798;1448;2;5000;2025-01-13
1799;2807;2;5000;2025-01-27
1800;1167;2;5000;2025-04-12
1801;2851;2;5000;2025-03-23
1802;2152;2;5000;2025-01-14
1803;487;2;5000;2025-03-01
1804;1504;2;5000;2024-12-17
1805;998;2;5000;2025-01-20
1806;859;2;5000;2025-03-18
1807;715;2;5000;2025-01-24
1808;534;2;5000;2024-12-10
1809;1264;2;5000;2025-03-04
1810;805;2;5000;2025-02-16
1811;1328;2;5000;2025-01-04
1812;1016;2;5000;2025-03-31
1813;1280;2;5000;2024-12-09
1814;1787;2;5000;2025-01-01
1815;345;2;5000;2024-12-13
1816;658;2;5000;2024-11-18
1817;1946;2;5000;2024-12-07
1818;680;2;5000;2025-02-11
1819;2856;2;5000;2025-02-15
1820;1906;2;5000;2025-01-31
1821;1387;2;5000;2025-02-07
1822;2794;2;5000;2024-11-17
1823;1834;2;5000;2024-12-21
1824;2972;2;5000;2025-03-14
1825;382;2;5000;2025-01-04
1826;2256;2;5000;2024-11-28
1827;2621;2;5000;2024-12-17
1828;1713;2;5000;2025-01-16
1829;791;2;5000;2025-04-02
1830;607;2;5000;2025-01-29
1831;688;2;5000;2025-02-06
1832;67;2;5000;2025-03-27
1833;2955;2;5000;2025-04-11
1834;1580;2;5000;2024-12-29
1835;1165;2;5000;2024-12-11
1836;1539;2;5000;2024-11-26
1837;2597;2;5000;2024-11-27
1838;1118;2;5000;2025-04-12
1839;1311;2;5000;2024-12-22
1840;709;2;5000;2025-02-21
1841;126;2;5000;2024-12-30
1842;2993;2;5000;2025-01-11
1843;1461;2;5000;2025-01-27
1844;108;2;5000;2025-04-02
1845;328;2;5000;2025-01-24
1846;710;2;5000;2024-12-13
1847;960;2;5000;2025-02-03
1848;679;2;5000;2025-04-14
1849;187;2;5000;2025-03-10
1850;1459;2;5000;2025-01-26
1851;1126;2;5000;2024-11-28
1852;1283;2;5000;2024-11-17
1853;1533;2;5000;2025-01-09
1854;2983;2;5000;2025-02-05
1855;369;2;5000;2024-12-20
1856;1186;2;5000;2025-03-19
1857;2922;2;5000;2025-01-20
1858;1;2;5000;2025-03-19
1859;2759;2;5000;2025-02-16
1860;1113;2;5000;2024-12-25
1861;212;2;5000;2025-03-13
1862;574;2;5000;2025-01-31
1863;1987;2;5000;2025-02-06
1864;2465;2;5000;2025-03-31
1865;614;2;5000;2025-03-12
1866;1535;2;5000;2025-01-09
1867;1623;2;5000;2024-11-26
1868;1131;2;5000;2025-01-17
1869;4;2;5000;2025-02-21
1870;312;2;5000;2025-03-03
1871;3000;2;5000;2025-01-26
1872;137;2;5000;2025-02-19
1873;1566;2;5000;2025-03-13
1874;1485;2;5000;2025-02-25
1875;1670;2;5000;2024-12-09
1876;443;2;5000;2024-12-23
1877;1452;2;5000;2025-03-13
1878;204;2;5000;2025-01-23
1879;2024;2;5000;2025-01-25
1880;1635;2;5000;2024-12-21
1881;287;2;5000;2025-03-19
1882;2378;2;5000;2025-03-10
1883;1348;2;5000;2025-03-20
1884;2829;2;5000;2024-11-18
1885;1329;2;5000;2025-01-13
1886;847;2;5000;2024-12-29
1887;2039;2;5000;2025-03-14
1888;856;2;5000;2024-12-01
1889;2761;2;5000;2025-04-02
1890;2505;2;5000;2025-03-24
1891;814;2;5000;2025-03-22
1892;1459;2;5000;2025-01-01
1893;1250;2;5000;2025-03-18
1894;635;2;5000;2025-03-29
1895;678;2;5000;2024-12-05
1896;1694;2;5000;2024-12-02
1897;2276;2;5000;2024-12-27
1898;1683;2;5000;2025-02-19
1899;874;2;5000;2025-04-09
1900;2219;2;5000;2025-02-16
1901;1556;2;5000;2024-11-21
1902;697;2;5000;2024-11-20
1903;472;2;5000;2025-02-07
1904;2752;2;5000;2025-01-19
1905;1417;2;5000;2025-01-08
1906;2397;2;5000;2025-03-10
1907;1387;2;5000;2025-01-28
1908;1064;2;5000;2025-03-15
1909;1547;2;5000;2025-03-08
1910;876;2;5000;2025-03-19
1911;1753;2;5000;2025-01-31
1912;675;2;5000;2025-01-04
1913;888;2;5000;2024-11-18
1914;1595;2;5000;2024-12-06
1915;1118;2;5000;2025-04-14
1916;1111;2;5000;2025-01-14
1917;459;2;5000;2024-12-23
1918;2879;2;5000;2024-11-26
1919;2619;2;5000;2025-01-01
1920;1615;2;5000;2025-03-11
1921;1488;2;5000;2024-11-30
1922;1957;2;5000;2024-12-13
1923;1151;2;5000;2025-04-08
1924;1315;2;5000;2025-03-07
1925;1737;2;5000;2024-12-17
1926;2978;2;5000;2025-01-29
1927;381;2;5000;2024-12-22
1928;420;2;5000;2024-12-09
1929;2919;2;5000;2025-02-21
1930;450;2;5000;2024-12-09
1931;200;2;5000;2025-02-10
1932;95;2;5000;2025-03-03
1933;923;2;5000;2025-01-08
1934;2776;2;5000;2025-03-07
1935;1243;2;5000;2025-03-13
1936;2558;2;5000;2025-01-24
1937;2741;2;5000;2024-11-23
1938;2466;2;5000;2025-03-19
1939;1970;2;5000;2024-12-04
1940;786;2;5000;2024-11-17
1941;205;2;5000;2024-11-27
1942;2016;2;5000;2025-03-03
1943;18;2;5000;2025-02-16
1944;1273;2;5000;2025-03-28
1945;1629;2;5000;2025-01-08
1946;2161;2;5000;2025-04-16
1947;1295;2;5000;2024-12-23
1948;353;2;5000;2024-12-13
1949;2170;2;5000;2025-04-04
1950;212;2;5000;2025-03-08
1951;2541;2;5000;2025-04-05
1952;298;2;5000;2025-03-18
1953;1214;2;5000;2025-02-18
1954;1770;2;5000;2025-03-09
1955;2553;2;5000;2025-01-10
1956;669;2;5000;2024-12-02
1957;836;2;5000;2024-12-22
1958;1270;2;5000;2025-01-06
1959;430;2;5000;2025-03-20
1960;231;2;5000;2025-03-02
1961;979;2;5000;2025-02-07
1962;11;2;5000;2024-11-30
1963;1000;2;5000;2025-02-27
1964;2380;2;5000;2024-11-20
1965;2445;2;5000;2024-12-15
1966;2223;2;5000;2025-04-13
1967;2288;2;5000;2025-03-13
1968;2173;2;5000;2024-12-23
1969;941;2;5000;2025-03-28
1970;1439;2;5000;2025-01-29
1971;2487;2;5000;2025-03-20
1972;1848;2;5000;2025-04-14
1973;1172;2;5000;2025-03-17
1974;489;2;5000;2024-12-08
1975;112;2;5000;2024-12-08
1976;2943;2;5000;2025-02-09
1977;355;2;5000;2025-01-02
1978;1695;2;5000;2025-04-12
1979;1278;2;5000;2025-02-19
1980;2641;2;5000;2025-01-09
1981;1340;2;5000;2025-02-22
1982;1655;2;5000;2024-12-09
1983;798;2;5000;2025-03-22
1984;104;2;5000;2024-12-18
1985;2602;2;5000;2025-03-19
1986;2031;2;5000;2024-11-30
1987;290;2;5000;2025-02-23
1988;1300;2;5000;2024-12-27
1989;2454;2;5000;2025-03-21
1990;1215;2;5000;2025-03-31
1991;2123;2;5000;2024-12-31
1992;2916;2;5000;2024-11-30
1993;2147;2;5000;2024-11-21
1994;2455;2;5000;2025-03-09
1995;1589;2;5000;2025-03-19
1996;2812;2;5000;2025-01-22
1997;1839;2;5000;2025-04-03
1998;2866;2;5000;2025-02-26
1999;1401;2;5000;2025-01-30
2000;172;2;5000;2025-03-18
2001;1177;2;5000;2024-12-29
2002;590;2;5000;2025-03-03
2003;902;2;5000;2024-12-23
2004;2755;2;5000;2025-02-08
2005;1368;2;5000;2024-11-29
2006;746;2;5000;2025-03-30
2007;2402;2;5000;2025-01-20
2008;916;2;5000;2025-02-13
2009;1001;2;5000;2025-02-19
2010;2918;2;5000;2024-12-12
2011;2471;2;5000;2025-01-16
2012;2541;2;5000;2025-01-07
2013;349;2;5000;2025-02-09
2014;1595;2;5000;2025-03-03
2015;2366;2;5000;2025-01-19
2016;498;2;5000;2024-11-28
2017;689;2;5000;2025-03-27
2018;1993;2;5000;2024-12-03
2019;2502;2;5000;2025-03-27
2020;2649;2;5000;2024-12-12
2021;86;2;5000;2025-03-03
2022;192;2;5000;2025-03-03
2023;753;2;5000;2025-04-14
2024;199;2;5000;2025-03-26
2025;624;2;5000;2025-03-07
2026;1894;2;5000;2025-02-11
2027;318;2;5000;2025-01-01
2028;922;2;5000;2024-12-19
2029;742;2;5000;2024-11-28
2030;199;2;5000;2025-02-05
2031;235;2;5000;2025-02-19
2032;1334;2;5000;2025-01-14
2033;2727;2;5000;2025-03-15
2034;2648;2;5000;2024-12-08
2035;2375;2;5000;2024-11-18
2036;2200;2;5000;2025-03-30
2037;2638;2;5000;2024-12-03
2038;2220;2;5000;2024-12-09
2039;2871;2;5000;2024-12-07
2040;1296;2;5000;2024-11-28
2041;1975;2;5000;2025-02-03
2042;2542;2;5000;2025-02-22
2043;919;2;5000;2025-02-22
2044;454;2;5000;2025-03-19
2045;2951;2;5000;2025-03-24
2046;2080;2;5000;2025-02-03
2047;944;2;5000;2025-02-27
2048;2515;2;5000;2025-02-28
2049;275;2;5000;2025-02-01
2050;739;2;5000;2025-01-16
2051;816;2;5000;2025-04-04
2052;705;2;5000;2025-04-04
2053;2813;2;5000;2025-01-02
2054;320;2;5000;2024-12-20
2055;1600;2;5000;2025-01-13
2056;1693;2;5000;2025-04-13
2057;1771;2;5000;2025-01-15
2058;769;2;5000;2025-01-29
2059;1611;2;5000;2025-02-26
2060;407;2;5000;2024-12-28
2061;1952;2;5000;2025-01-25
2062;1546;2;5000;2025-04-06
2063;1643;2;5000;2025-03-13
2064;278;2;5000;2025-03-15
2065;1262;2;5000;2024-12-25
2066;1492;2;5000;2025-01-21
2067;2599;2;5000;2025-04-10
2068;2573;2;5000;2025-03-20
2069;1594;2;5000;2025-01-28
2070;1090;2;5000;2025-04-13
2071;2434;2;5000;2024-11-25
2072;439;2;5000;2025-01-09
2073;1993;2;5000;2024-12-09
2074;2079;2;5000;2025-02-15
2075;2186;2;5000;2025-01-14
2076;1684;2;5000;2025-03-31
2077;127;2;5000;2025-03-15
2078;387;2;5000;2025-03-23
2079;2232;2;5000;2024-11-23
2080;493;2;5000;2025-04-09
2081;2341;2;5000;2024-11-19
2082;1828;2;5000;2025-01-30
2083;983;2;5000;2025-04-06
2084;1410;2;5000;2025-01-27
2085;905;2;5000;2025-03-21
2086;1513;2;5000;2025-02-13
2087;1454;2;5000;2024-12-13
2088;1921;2;5000;2025-03-17
2089;2172;2;5000;2025-02-02
2090;28;2;5000;2025-03-25
2091;1867;2;5000;2025-03-20
2092;2115;2;5000;2025-01-06
2093;987;2;5000;2024-12-17
2094;1128;2;5000;2025-02-25
2095;1751;2;5000;2024-12-18
2096;527;2;5000;2025-01-06
2097;119;2;5000;2024-11-26
2098;1750;2;5000;2025-02-21
2099;510;2;5000;2024-11-21
2100;846;2;5000;2025-03-12
2101;2732;2;5000;2024-11-20
2102;758;2;5000;2024-12-14
2103;2721;2;5000;2025-01-03
2104;2018;2;5000;2025-01-27
2105;2184;2;5000;2025-02-03
2106;196;2;5000;2025-03-07
2107;959;2;5000;2025-02-13
2108;2159;2;5000;2025-03-28
2109;236;2;5000;2025-03-23
2110;2131;2;5000;2025-03-15
2111;397;2;5000;2025-01-07
2112;1556;2;5000;2025-02-23
2113;444;2;5000;2024-12-03
2114;205;2;5000;2025-03-23
2115;2791;2;5000;2025-04-15
2116;1688;2;5000;2024-11-25
2117;272;2;5000;2025-03-04
2118;2563;2;5000;2025-03-18
2119;2531;2;5000;2025-03-30
2120;2391;2;5000;2025-02-14
2121;866;2;5000;2025-01-28
2122;1064;2;5000;2025-03-02
2123;1800;2;5000;2025-03-08
2124;1063;2;5000;2025-01-01
2125;577;2;5000;2025-03-28
2126;733;2;5000;2025-01-11
2127;1295;2;5000;2025-04-14
2128;421;2;5000;2025-04-11
2129;1608;2;5000;2024-11-29
2130;1094;2;5000;2025-01-22
2131;1766;2;5000;2025-01-18
2132;1344;2;5000;2024-12-10
2133;2633;2;5000;2025-04-02
2134;468;2;5000;2025-03-06
2135;1096;2;5000;2025-02-10
2136;1385;2;5000;2025-04-05
2137;2507;2;5000;2025-01-12
2138;2668;2;5000;2024-12-24
2139;1476;2;5000;2024-12-18
2140;1086;2;5000;2024-12-29
2141;2624;2;5000;2025-02-05
2142;1860;2;5000;2024-12-21
2143;2620;2;5000;2025-01-07
2144;562;2;5000;2025-01-06
2145;589;2;5000;2025-02-25
2146;2778;2;5000;2025-03-15
2147;2314;2;5000;2024-11-19
2148;1967;2;5000;2025-01-11
2149;2261;2;5000;2025-02-16
2150;2632;2;5000;2024-11-25
2151;1693;2;5000;2025-04-13
2152;642;2;5000;2025-01-20
2153;1168;2;5000;2025-03-02
2154;2954;2;5000;2025-02-17
2155;448;2;5000;2024-12-08
2156;2976;2;5000;2025-01-08
2157;73;2;5000;2025-01-24
2158;301;2;5000;2025-01-08
2159;1867;2;5000;2025-03-11
2160;2943;2;5000;2025-02-17
2161;939;2;5000;2025-03-16
2162;1906;2;5000;2024-12-09
2163;1667;2;5000;2024-12-06
2164;32;2;5000;2024-12-18
2165;800;2;5000;2025-01-19
2166;1979;2;5000;2025-04-10
2167;1100;2;5000;2025-01-16
2168;2091;2;5000;2025-03-22
2169;2946;2;5000;2024-12-27
2170;1982;2;5000;2025-04-05
2171;1574;2;5000;2025-01-24
2172;1608;2;5000;2024-12-28
2173;654;2;5000;2025-01-29
2174;250;2;5000;2025-02-25
2175;1058;2;5000;2024-12-12
2176;2726;2;5000;2025-03-26
2177;2527;2;5000;2024-11-23
2178;1852;2;5000;2025-01-06
2179;2790;2;5000;2025-04-07
2180;2975;2;5000;2025-01-15
2181;2478;2;5000;2025-02-18
2182;121;2;5000;2025-02-14
2183;1370;2;5000;2025-03-28
2184;133;2;5000;2025-03-26
2185;2310;2;5000;2025-04-14
2186;600;2;5000;2024-11-20
2187;714;2;5000;2025-02-06
2188;2864;2;5000;2025-01-27
2189;1883;2;5000;2024-12-02
2190;2067;2;5000;2025-03-09
2191;1993;2;5000;2024-12-01
2192;1590;2;5000;2024-12-08
2193;1557;2;5000;2025-01-08
2194;173;2;5000;2024-12-16
2195;2979;2;5000;2024-12-01
2196;826;2;5000;2025-02-07
2197;263;2;5000;2024-11-21
2198;2677;2;5000;2025-02-26
2199;755;2;5000;2025-01-23
2200;107;2;5000;2025-02-27
2201;912;2;5000;2025-01-20
2202;2294;2;5000;2025-02-15
2203;1269;2;5000;2024-12-07
2204;1590;2;5000;2025-02-28
2205;2492;2;5000;2025-02-06
2206;2360;2;5000;2025-02-20
2207;2146;2;5000;2025-03-30
2208;1645;2;5000;2025-02-09
2209;1816;2;5000;2025-03-17
2210;2683;2;5000;2025-02-05
2211;954;2;5000;2024-12-22
2212;2750;2;5000;2024-12-07
2213;891;2;5000;2025-03-24
2214;2896;2;5000;2025-03-01
2215;932;2;5000;2025-01-01
2216;2894;2;5000;2025-03-09
2217;586;2;5000;2025-01-30
2218;2513;2;5000;2025-02-08
2219;2942;2;5000;2024-12-06
2220;2676;2;5000;2025-01-31
2221;844;2;5000;2025-03-20
2222;336;2;5000;2024-11-29
2223;2024;2;5000;2025-02-04
2224;35;2;5000;2025-03-18
2225;2874;2;5000;2024-12-19
2226;2822;2;5000;2024-11-23
2227;477;2;5000;2024-11-19
2228;2148;2;5000;2025-01-07
2229;1786;2;5000;2024-12-11
2230;1412;2;5000;2025-01-04
2231;1451;2;5000;2025-01-30
2232;1274;2;5000;2025-02-28
2233;1173;2;5000;2024-12-17
2234;298;2;5000;2025-03-16
2235;2087;2;5000;2025-02-19
2236;2349;2;5000;2025-04-03
2237;1074;2;5000;2025-02-21
2238;1716;2;5000;2025-03-13
2239;2707;2;5000;2024-12-03
2240;73;2;5000;2025-03-16
2241;249;2;5000;2024-12-11
2242;2482;2;5000;2025-02-24
2243;1261;2;5000;2025-04-04
2244;810;2;5000;2025-03-16
2245;2161;2;5000;2025-02-09
2246;2097;2;5000;2025-03-18
2247;2126;2;5000;2025-02-05
2248;1054;2;5000;2025-02-24
2249;372;2;5000;2024-12-07
2250;1941;2;5000;2025-02-07
2251;2369;2;5000;2025-03-12
2252;2103;2;5000;2025-04-01
2253;1238;2;5000;2025-01-22
2254;671;2;5000;2024-12-19
2255;1263;2;5000;2025-01-12
2256;2165;2;5000;2024-12-23
2257;2512;2;5000;2025-01-06
2258;1882;2;5000;2025-01-05
2259;2100;2;5000;2025-03-12
2260;2689;2;5000;2025-03-08
2261;1923;2;5000;2024-12-21
2262;1443;2;5000;2025-02-08
2263;2078;2;5000;2025-03-01
2264;2164;2;5000;2025-04-15
2265;110;2;5000;2025-02-10
2266;2036;2;5000;2025-02-28
2267;127;2;5000;2025-04-08
2268;583;2;5000;2024-12-13
2269;1372;2;5000;2025-04-10
2270;1707;2;5000;2024-12-10
2271;2274;2;5000;2025-03-12
2272;533;2;5000;2025-02-01
2273;1563;2;5000;2025-03-15
2274;2934;2;5000;2024-12-05
2275;1882;2;5000;2025-01-08
2276;2496;2;5000;2025-04-01
2277;360;2;5000;2024-12-17
2278;747;2;5000;2024-12-24
2279;1395;2;5000;2025-03-02
2280;2882;2;5000;2025-03-22
2281;2140;2;5000;2025-02-22
2282;905;2;5000;2024-12-27
2283;2001;2;5000;2025-03-15
2284;2789;2;5000;2025-02-24
2285;2567;2;5000;2025-01-01
2286;421;2;5000;2025-01-21
2287;1257;2;5000;2025-01-09
2288;754;2;5000;2025-02-12
2289;2332;2;5000;2025-03-05
2290;1930;2;5000;2025-03-06
2291;2030;2;5000;2025-02-28
2292;1012;2;5000;2025-03-23
2293;1987;2;5000;2025-01-10
2294;1430;2;5000;2024-12-16
2295;1128;2;5000;2025-01-23
2296;1297;2;5000;2025-02-19
2297;534;2;5000;2025-03-06
2298;62;2;5000;2024-12-05
2299;672;2;5000;2024-12-13
2300;2429;2;5000;2025-02-22
2301;121;2;5000;2024-12-08
2302;1255;2;5000;2025-02-19
2303;601;2;5000;2025-01-03
2304;1104;2;5000;2024-12-20
2305;717;2;5000;2025-03-06
2306;700;2;5000;2025-03-06
2307;285;2;5000;2024-12-15
2308;705;2;5000;2024-12-12
2309;1299;2;5000;2024-11-17
2310;1428;2;5000;2025-03-08
2311;1739;2;5000;2024-12-20
2312;2207;2;5000;2024-12-20
2313;922;2;5000;2025-01-15
2314;54;2;5000;2025-02-12
2315;198;2;5000;2025-03-29
2316;2178;2;5000;2024-11-23
2317;2096;2;5000;2025-03-06
2318;14;2;5000;2025-02-05
2319;1033;2;5000;2025-03-24
2320;1416;2;5000;2025-01-21
2321;2619;2;5000;2025-03-11
2322;2599;2;5000;2025-01-30
2323;1452;2;5000;2025-01-24
2324;141;2;5000;2025-01-24
2325;131;2;5000;2025-02-07
2326;1942;2;5000;2025-01-04
2327;7;2;5000;2024-12-17
2328;1672;2;5000;2024-12-27
2329;1016;2;5000;2025-04-02
2330;1185;2;5000;2025-01-14
2331;2279;2;5000;2025-02-16
2332;2050;2;5000;2025-01-25
2333;580;2;5000;2025-03-01
2334;2148;2;5000;2025-02-13
2335;1808;2;5000;2025-02-03
2336;2444;2;5000;2025-02-16
2337;213;2;5000;2025-04-07
2338;721;2;5000;2025-02-23
2339;320;2;5000;2025-03-26
2340;2270;2;5000;2025-03-28
2341;1410;2;5000;2025-02-09
2342;40;2;5000;2025-03-05
2343;352;2;5000;2025-02-08
2344;2429;2;5000;2025-02-19
2345;1395;2;5000;2024-11-17
2346;223;2;5000;2025-02-22
2347;1106;2;5000;2025-02-05
2348;2022;2;5000;2025-03-27
2349;1134;2;5000;2025-01-06
2350;1863;2;5000;2025-02-02
2351;760;2;5000;2025-02-21
2352;376;2;5000;2025-02-17
2353;2974;2;5000;2024-11-25
2354;2223;2;5000;2025-02-21
2355;966;2;5000;2025-01-16
2356;2213;2;5000;2025-03-10
2357;1020;2;5000;2025-03-04
2358;2078;2;5000;2024-12-21
2359;2584;2;5000;2025-03-22
2360;266;2;5000;2025-03-15
2361;1849;2;5000;2025-02-12
2362;1598;2;5000;2025-03-17
2363;2039;2;5000;2025-02-27
2364;859;2;5000;2025-03-19
2365;2546;2;5000;2025-03-21
2366;2971;2;5000;2025-04-06
2367;643;2;5000;2025-03-01
2368;611;2;5000;2025-02-17
2369;494;2;5000;2025-02-13
2370;2739;2;5000;2024-12-10
2371;1647;2;5000;2024-11-26
2372;1384;2;5000;2025-03-11
2373;1771;2;5000;2024-12-12
2374;2012;2;5000;2024-12-25
2375;2308;2;5000;2025-03-23
2376;1132;2;5000;2025-04-15
2377;78;2;5000;2025-02-28
2378;2180;2;5000;2024-11-27
2379;1872;2;5000;2025-03-27
2380;1995;2;5000;2025-04-15
2381;1946;2;5000;2024-12-21
2382;825;2;5000;2024-12-11
2383;2465;2;5000;2025-01-01
2384;1536;2;5000;2025-01-06
2385;1350;2;5000;2025-03-29
2386;2909;2;5000;2024-12-29
2387;1090;2;5000;2025-02-17
2388;2621;2;5000;2025-01-21
2389;2389;2;5000;2024-11-22
2390;1587;2;5000;2025-01-01
2391;1587;2;5000;2025-04-09
2392;2858;2;5000;2025-01-26
2393;2444;2;5000;2025-04-13
2394;1048;2;5000;2024-12-10
2395;1000;2;5000;2024-12-28
2396;2291;2;5000;2025-01-24
2397;2139;2;5000;2024-12-23
2398;862;2;5000;2024-12-07
2399;1772;2;5000;2025-04-17
2400;405;2;5000;2025-03-26
2401;1114;2;5000;2025-02-04
2402;1023;2;5000;2025-01-16
2403;2264;2;5000;2025-02-16
2404;433;2;5000;2025-03-22
2405;1483;2;5000;2025-02-06
2406;1733;2;5000;2025-03-03
2407;1134;2;5000;2025-03-10
2408;178;2;5000;2024-12-17
2409;2839;2;5000;2024-12-06
2410;420;2;5000;2025-01-22
2411;802;2;5000;2024-12-25
2412;2088;2;5000;2025-02-17
2413;2095;2;5000;2025-04-02
2414;134;2;5000;2025-03-31
2415;481;2;5000;2025-02-04
2416;474;2;5000;2024-11-18
2417;74;2;5000;2025-01-22
2418;908;2;5000;2025-02-21
2419;2844;2;5000;2025-02-19
2420;2876;2;5000;2025-01-25
2421;2709;2;5000;2025-01-31
2422;663;2;5000;2025-03-28
2423;2118;2;5000;2025-01-01
2424;943;2;5000;2025-03-07
2425;1108;2;5000;2024-12-27
2426;331;2;5000;2025-04-17
2427;1352;2;5000;2025-04-01
2428;2878;2;5000;2025-01-22
2429;184;2;5000;2024-11-29
2430;482;2;5000;2024-12-25
2431;1266;2;5000;2025-03-04
2432;1530;2;5000;2025-04-12
2433;1974;2;5000;2025-02-05
2434;1138;2;5000;2025-04-08
2435;2757;2;5000;2025-02-13
2436;1260;2;5000;2025-02-27
2437;2438;2;5000;2024-11-26
2438;361;2;5000;2024-12-07
2439;1328;2;5000;2024-11-28
2440;276;2;5000;2024-11-19
2441;241;2;5000;2025-04-11
2442;2133;2;5000;2025-01-07
2443;1819;2;5000;2025-04-05
2444;335;2;5000;2025-03-03
2445;1477;2;5000;2024-12-17
2446;1443;2;5000;2025-03-03
2447;2371;2;5000;2025-02-25
2448;2948;2;5000;2024-12-19
2449;2037;2;5000;2025-01-21
2450;1194;2;5000;2025-01-01
2451;2982;2;5000;2025-03-02
2452;2415;2;5000;2025-03-19
2453;480;2;5000;2025-04-10
2454;321;2;5000;2024-11-28
2455;2766;2;5000;2024-12-22
2456;2614;2;5000;2025-03-03
2457;784;2;5000;2025-03-20
2458;334;2;5000;2024-12-02
2459;243;2;5000;2025-01-10
2460;805;2;5000;2025-02-16
2461;290;2;5000;2024-12-06
2462;2298;2;5000;2025-01-15
2463;987;2;5000;2025-02-07
2464;183;2;5000;2024-11-26
2465;233;2;5000;2024-12-22
2466;1986;2;5000;2025-01-25
2467;2274;2;5000;2025-04-07
2468;684;2;5000;2024-12-22
2469;240;2;5000;2025-02-05
2470;2545;2;5000;2025-02-18
2471;2750;2;5000;2025-03-19
2472;1903;2;5000;2025-03-13
2473;2757;2;5000;2025-01-19
2474;921;2;5000;2024-11-30
2475;1626;2;5000;2024-12-03
2476;457;2;5000;2025-03-04
2477;445;2;5000;2025-04-05
2478;2051;2;5000;2025-04-02
2479;111;2;5000;2025-01-04
2480;2717;2;5000;2024-12-05
2481;553;2;5000;2024-11-30
2482;1769;2;5000;2025-01-12
2483;1582;2;5000;2024-12-07
2484;565;2;5000;2024-11-23
2485;1746;2;5000;2025-02-12
2486;1601;2;5000;2024-12-06
2487;801;2;5000;2025-02-28
2488;125;2;5000;2025-02-14
2489;2671;2;5000;2025-01-09
2490;755;2;5000;2025-03-05
2491;1996;2;5000;2024-12-14
2492;525;2;5000;2025-02-19
2493;253;2;5000;2024-12-07
2494;1791;2;5000;2024-11-20
2495;869;2;5000;2025-04-11
2496;2521;2;5000;2024-12-04
2497;1475;2;5000;2024-12-16
2498;290;2;5000;2025-04-08
2499;2834;2;5000;2024-11-22
2500;124;2;5000;2024-12-29
2501;1774;2;5000;2025-01-28
2502;2772;2;5000;2024-11-17
2503;2202;2;5000;2025-03-31
2504;2567;2;5000;2025-01-28
2505;2738;2;5000;2025-01-18
2506;946;2;5000;2025-03-24
2507;687;2;5000;2025-03-09
2508;1766;2;5000;2024-12-09
2509;2593;2;5000;2025-03-07
2510;1528;2;5000;2024-12-24
2511;2367;2;5000;2025-02-05
2512;1061;2;5000;2025-01-27
2513;1261;2;5000;2024-11-28
2514;2061;2;5000;2025-02-16
2515;1909;2;5000;2025-02-04
2516;1180;2;5000;2025-03-09
2517;1563;2;5000;2024-12-16
2518;1225;2;5000;2025-04-17
2519;424;2;5000;2025-04-10
2520;2339;2;5000;2024-12-29
2521;867;2;5000;2025-01-07
2522;2519;2;5000;2025-04-07
2523;1208;2;5000;2025-02-16
2524;2463;2;5000;2024-12-09
2525;868;2;5000;2025-04-02
2526;1116;2;5000;2024-12-04
2527;1022;2;5000;2025-01-16
2528;1135;2;5000;2025-02-12
2529;744;2;5000;2024-12-31
2530;2496;2;5000;2024-12-26
2531;328;2;5000;2024-12-22
2532;398;2;5000;2024-12-12
2533;1085;2;5000;2025-01-24
2534;65;2;5000;2024-11-18
2535;2868;2;5000;2025-01-26
2536;1448;2;5000;2025-01-20
2537;1210;2;5000;2025-02-19
2538;1593;2;5000;2025-03-26
2539;1619;2;5000;2024-12-31
2540;420;2;5000;2024-12-13
2541;1069;2;5000;2025-03-07
2542;166;2;5000;2025-04-13
2543;203;2;5000;2024-12-24
2544;1208;2;5000;2024-12-09
2545;596;2;5000;2025-03-04
2546;1077;2;5000;2025-02-10
2547;2429;2;5000;2025-01-30
2548;2484;2;5000;2025-01-19
2549;324;2;5000;2025-02-19
2550;380;2;5000;2024-11-23
2551;578;2;5000;2024-12-04
2552;1045;2;5000;2024-11-25
2553;353;2;5000;2025-03-10
2554;1614;2;5000;2024-12-22
2555;225;2;5000;2025-01-16
2556;1499;2;5000;2025-04-10
2557;1756;2;5000;2025-01-31
2558;2061;2;5000;2025-01-03
2559;1696;2;5000;2025-04-15
2560;2215;2;5000;2024-11-18
2561;1951;2;5000;2025-02-14
2562;2683;2;5000;2024-12-18
2563;906;2;5000;2024-12-20
2564;356;2;5000;2024-12-10
2565;944;2;5000;2025-02-08
2566;2015;2;5000;2025-03-17
2567;1547;2;5000;2024-12-12
2568;1931;2;5000;2024-11-21
2569;2060;2;5000;2024-12-11
2570;2236;2;5000;2024-12-01
2571;770;2;5000;2025-03-07
2572;1776;2;5000;2025-03-05
2573;717;2;5000;2025-03-20
2574;2776;2;5000;2025-02-16
2575;2216;2;5000;2025-01-13
2576;1417;2;5000;2025-02-20
2577;2639;2;5000;2025-04-04
2578;116;2;5000;2024-12-19
2579;641;2;5000;2024-11-17
2580;2584;2;5000;2025-04-01
2581;855;2;5000;2024-12-18
2582;1880;2;5000;2025-01-29
2583;70;2;5000;2025-01-20
2584;936;2;5000;2024-11-29
2585;1759;2;5000;2025-04-10
2586;1712;2;5000;2025-04-14
2587;2434;2;5000;2024-11-17
2588;2816;2;5000;2025-02-24
2589;1472;2;5000;2024-12-31
2590;2783;2;5000;2025-03-01
2591;2304;2;5000;2024-12-28
2592;2609;2;5000;2025-02-11
2593;209;2;5000;2025-03-27
2594;2596;2;5000;2024-12-05
2595;2503;2;5000;2024-11-19
2596;623;2;5000;2025-01-16
2597;2340;2;5000;2024-12-18
2598;981;2;5000;2025-03-07
2599;2684;2;5000;2025-03-06
2600;1830;2;5000;2024-12-05
2601;2865;2;5000;2025-02-09
2602;2030;2;5000;2025-02-05
2603;2153;2;5000;2024-12-28
2604;416;2;5000;2024-12-02
2605;1665;2;5000;2025-01-14
2606;521;2;5000;2025-03-01
2607;367;2;5000;2025-03-06
2608;794;2;5000;2025-02-18
2609;825;2;5000;2024-12-27
2610;505;2;5000;2025-02-08
2611;1712;2;5000;2025-04-08
2612;935;2;5000;2025-01-24
2613;2267;2;5000;2025-02-20
2614;756;2;5000;2025-03-21
2615;2511;2;5000;2025-02-21
2616;602;2;5000;2024-12-26
2617;2629;2;5000;2025-01-03
2618;1345;2;5000;2025-02-24
2619;2070;2;5000;2025-04-07
2620;653;2;5000;2024-12-16
2621;1652;2;5000;2024-11-27
2622;945;2;5000;2025-03-31
2623;1299;2;5000;2025-01-25
2624;2208;2;5000;2025-02-17
2625;480;2;5000;2025-01-15
2626;1527;2;5000;2025-02-05
2627;495;2;5000;2025-01-11
2628;2575;2;5000;2025-02-28
2629;1863;2;5000;2025-02-24
2630;1480;2;5000;2025-03-21
2631;2633;2;5000;2024-12-06
2632;2498;2;5000;2025-01-26
2633;1249;2;5000;2025-02-12
2634;1945;2;5000;2025-02-09
2635;951;2;5000;2025-01-25
2636;1606;2;5000;2024-11-30
2637;2367;2;5000;2024-12-20
2638;793;2;5000;2025-02-24
2639;2704;2;5000;2025-04-02
2640;534;2;5000;2025-01-14
