1;2150;1;2025-05-04;21128
2;990;2;2025-05-13;43983
3;2916;3;2025-04-30;35119
4;1746;4;2025-05-15;7820
5;1490;5;2025-04-30;24825
6;2683;7;2025-05-14;2261
7;2570;8;2025-05-09;31402
8;2233;9;2025-05-17;17490
9;2236;12;2025-05-02;31378
10;826;16;2025-05-01;44244
11;1567;17;2025-05-09;35471
12;384;19;2025-04-28;34338
13;1490;20;2025-05-08;26229
14;230;21;2025-04-26;47700
15;903;22;2025-04-27;17909
16;544;23;2025-05-03;2418
17;2989;25;2025-04-26;3330
18;291;26;2025-05-18;45341
19;9;28;2025-04-20;5568
20;862;30;2025-05-02;28309
21;523;31;2025-05-11;2206
22;197;32;2025-04-30;17119
23;1337;33;2025-05-15;25590
24;2066;35;2025-04-19;20870
25;2245;36;2025-05-16;8720
26;1658;37;2025-04-25;30370
27;1364;41;2025-04-23;6969
28;2700;42;2025-05-18;24476
29;737;43;2025-04-19;15974
30;308;44;2025-05-09;11638
31;2718;45;2025-04-25;3605
32;593;46;2025-04-30;18741
33;358;48;2025-04-27;41099
34;360;49;2025-04-29;23272
35;2132;50;2025-05-13;28464
36;498;51;2025-05-17;16893
37;75;52;2025-05-01;14005
38;2278;54;2025-04-18;26623
39;1680;55;2025-05-17;7466
40;1593;57;2025-04-23;4916
41;2222;58;2025-05-14;37132
42;1399;59;2025-05-13;13656
43;2089;60;2025-04-24;6685
44;801;61;2025-05-04;31663
45;2409;63;2025-05-02;33593
46;2820;65;2025-05-01;40880
47;1321;67;2025-05-12;17570
48;2807;68;2025-05-13;44612
49;1530;69;2025-05-17;45384
50;1905;70;2025-05-15;20528
51;1449;72;2025-04-18;24920
52;698;73;2025-05-09;39485
53;2629;74;2025-05-15;18307
54;401;75;2025-05-09;11413
55;2905;76;2025-04-19;13707
56;1927;77;2025-05-10;7741
57;505;79;2025-05-16;7782
58;549;80;2025-05-06;16262
59;2473;82;2025-05-08;32383
60;440;83;2025-04-25;11779
61;1407;84;2025-04-30;31167
62;2305;85;2025-05-09;31948
63;1440;87;2025-05-14;35210
64;567;88;2025-04-26;33617
65;2605;89;2025-05-15;3961
66;883;91;2025-05-18;5295
67;1734;93;2025-05-07;30134
68;80;94;2025-04-29;26017
69;143;96;2025-04-18;17228
70;2385;97;2025-04-19;26463
71;1393;99;2025-05-07;33351
72;2561;100;2025-04-30;20655
73;1270;104;2025-05-11;17580
74;246;106;2025-04-22;23647
75;2628;109;2025-04-22;23242
76;1913;110;2025-04-19;26416
77;1003;111;2025-04-26;23834
78;2439;112;2025-05-18;24122
79;2405;114;2025-05-02;34626
80;11;115;2025-04-30;37913
81;2468;116;2025-05-07;25057
82;2416;117;2025-05-13;40747
83;1289;119;2025-04-18;10339
84;2827;121;2025-05-08;10022
85;2678;122;2025-05-07;24870
86;915;123;2025-04-21;29340
87;2671;125;2025-05-08;31599
88;598;128;2025-04-23;5811
89;1090;129;2025-05-08;29004
90;103;130;2025-05-08;10728
91;319;131;2025-04-27;7128
92;959;133;2025-05-09;37654
93;2302;134;2025-05-03;15792
94;685;135;2025-04-20;5746
95;609;140;2025-04-28;15605
96;1208;141;2025-04-28;17680
97;2239;143;2025-05-17;3194
98;151;145;2025-05-05;19769
99;85;146;2025-04-25;6715
100;1917;147;2025-05-17;44856
101;1557;149;2025-05-02;8635
102;1998;152;2025-04-21;41705
103;1470;153;2025-05-10;18954
104;1509;154;2025-04-28;10360
105;2040;155;2025-04-29;6161
106;948;156;2025-05-07;46816
107;1115;157;2025-05-11;41210
108;603;159;2025-05-03;17193
109;2929;160;2025-04-26;11789
110;962;162;2025-05-12;46928
111;2097;163;2025-04-19;46827
112;1391;164;2025-05-06;48594
113;521;166;2025-04-19;13302
114;2373;168;2025-05-08;29926
115;2079;170;2025-04-24;43141
116;2945;171;2025-05-09;21201
117;2918;172;2025-05-09;36911
118;1040;173;2025-05-17;13420
119;13;174;2025-04-29;31926
120;1061;175;2025-05-04;23914
121;1224;176;2025-05-07;29027
122;1384;177;2025-04-18;44392
123;2638;179;2025-04-24;13097
124;2029;181;2025-05-10;10674
125;376;182;2025-04-25;25928
126;482;183;2025-04-21;49115
127;919;185;2025-05-13;16764
128;90;187;2025-05-02;40063
129;754;189;2025-05-16;9403
130;2341;193;2025-04-27;27360
131;126;194;2025-05-08;30895
132;922;195;2025-05-18;24208
133;2308;196;2025-05-14;44307
134;1532;199;2025-05-10;36777
135;876;201;2025-05-05;17413
136;1039;203;2025-05-16;38776
137;275;204;2025-05-13;38559
138;1761;205;2025-04-22;16183
139;327;206;2025-05-04;4217
140;390;207;2025-05-07;7762
141;2246;209;2025-05-18;4808
142;2945;210;2025-04-30;28968
143;2762;211;2025-04-28;11177
144;849;212;2025-05-02;31630
145;2655;213;2025-05-05;6686
146;823;214;2025-04-30;23088
147;473;216;2025-05-16;2988
148;387;218;2025-04-25;48578
149;1726;219;2025-05-18;48036
150;2639;220;2025-05-07;38005
151;1393;221;2025-05-09;22776
152;2968;222;2025-04-30;42299
153;1381;226;2025-05-10;9162
154;1097;227;2025-05-09;27900
155;1527;229;2025-05-12;48102
156;2913;232;2025-05-06;48881
157;2886;233;2025-04-30;41763
158;1231;234;2025-04-28;40576
159;863;235;2025-05-17;26617
160;1779;236;2025-04-30;15631
161;948;242;2025-05-07;37591
162;579;243;2025-05-07;44751
163;935;244;2025-05-18;5815
164;2027;248;2025-04-25;43085
165;2032;250;2025-05-02;37303
166;10;254;2025-05-12;16403
167;1648;255;2025-05-15;48501
168;107;256;2025-05-13;45465
169;2227;258;2025-05-11;7445
170;144;260;2025-04-19;27804
171;1798;261;2025-05-05;25202
172;53;262;2025-05-02;23393
173;1707;263;2025-05-05;10318
174;1725;264;2025-05-10;32851
175;687;265;2025-05-16;5385
176;994;266;2025-05-08;44731
177;1634;268;2025-04-18;49676
178;653;269;2025-04-30;30534
179;2947;271;2025-04-30;41075
180;2051;272;2025-05-18;28724
181;3;273;2025-04-20;47909
182;851;275;2025-05-15;37521
183;970;276;2025-05-04;17786
184;958;277;2025-04-24;29727
185;2364;278;2025-05-10;37666
186;375;279;2025-05-05;18640
187;586;281;2025-04-29;4605
188;508;283;2025-05-15;8280
189;2560;285;2025-05-06;24312
190;1265;287;2025-05-04;48478
191;2308;291;2025-04-26;46822
192;2697;294;2025-05-14;2258
193;1320;295;2025-04-20;3041
194;2217;298;2025-04-25;8204
195;1825;299;2025-05-10;31791
196;2297;300;2025-04-22;27931
197;485;301;2025-05-10;27336
198;1395;302;2025-05-01;42383
199;1799;303;2025-05-01;22829
200;2198;304;2025-05-01;8579
201;469;305;2025-05-15;44740
202;1938;306;2025-04-19;27999
203;1461;307;2025-04-24;22604
204;1261;308;2025-04-27;7505
205;2976;309;2025-04-26;16176
206;2061;310;2025-04-21;27428
207;957;311;2025-04-18;42710
208;987;312;2025-05-03;26255
209;2949;314;2025-04-20;6939
210;1428;317;2025-05-01;48562
211;2971;319;2025-05-13;5902
212;1853;320;2025-04-23;25442
213;574;322;2025-04-20;24829
214;2184;325;2025-04-22;18583
215;1431;326;2025-05-08;27898
216;1203;327;2025-05-13;32521
217;1355;328;2025-05-17;16979
218;1796;330;2025-04-18;44465
219;1916;331;2025-05-16;2876
220;2417;333;2025-04-24;33667
221;1544;334;2025-05-17;42549
222;1526;335;2025-05-03;42327
223;2920;336;2025-04-28;16951
224;1337;338;2025-04-20;30638
225;1394;340;2025-05-07;46526
226;326;341;2025-04-18;48685
227;469;343;2025-05-09;12868
228;663;345;2025-05-10;23455
229;1932;346;2025-05-18;14753
230;1972;347;2025-05-16;42386
231;2774;349;2025-05-18;30074
232;2553;350;2025-05-15;3973
233;248;353;2025-05-02;46240
234;2527;354;2025-04-26;25188
235;2940;356;2025-04-24;44245
236;1973;357;2025-04-30;38939
237;479;358;2025-04-30;39631
238;1943;359;2025-04-26;12415
239;2152;360;2025-04-30;24208
240;2261;361;2025-04-21;8913
241;2665;362;2025-04-25;47045
242;2615;364;2025-05-15;34449
243;2678;365;2025-05-04;11313
244;2613;367;2025-05-17;21151
245;621;368;2025-05-03;9158
246;1542;369;2025-05-06;48269
247;1886;370;2025-05-07;28934
248;1746;371;2025-05-18;38133
249;1918;372;2025-04-20;32882
250;2064;374;2025-05-02;41098
251;2929;375;2025-05-18;20344
252;445;376;2025-05-15;43671
253;251;377;2025-04-28;46148
254;104;379;2025-05-11;6922
255;1485;380;2025-05-08;22314
256;1690;383;2025-04-22;32502
257;525;384;2025-04-29;36455
258;127;385;2025-04-26;46872
259;2947;387;2025-05-02;7276
260;1310;388;2025-04-20;46571
261;2242;389;2025-05-16;46424
262;1416;390;2025-04-27;46662
263;2816;391;2025-05-05;6415
264;670;392;2025-04-29;43886
265;1096;394;2025-05-07;23803
266;310;395;2025-04-26;3906
267;2259;398;2025-05-06;22131
268;2241;399;2025-04-18;43331
269;2624;400;2025-05-07;10188
270;2474;403;2025-05-04;33211
271;2564;404;2025-04-20;22999
272;242;405;2025-05-12;24032
273;554;406;2025-04-29;5872
274;2458;408;2025-05-06;3839
275;175;409;2025-05-06;9273
276;2206;410;2025-04-27;48628
277;1109;411;2025-05-12;5268
278;74;412;2025-04-21;8276
279;1572;415;2025-05-10;2370
280;1414;418;2025-04-20;5484
281;1288;419;2025-04-25;23862
282;2494;420;2025-04-30;38888
283;162;421;2025-05-09;47525
284;354;422;2025-05-09;31823
285;2805;423;2025-05-07;41309
286;1952;424;2025-05-02;46434
287;1231;425;2025-04-26;31184
288;2095;426;2025-04-26;48560
289;1301;428;2025-05-17;49989
290;1652;429;2025-05-04;28147
291;2195;431;2025-04-27;10806
292;638;432;2025-05-12;5568
293;802;433;2025-05-04;33697
294;427;436;2025-04-20;23386
295;2680;438;2025-04-23;18734
296;2362;440;2025-04-24;28025
297;2632;441;2025-04-30;47475
298;2158;442;2025-04-20;39299
299;1063;444;2025-05-02;24962
300;914;445;2025-05-05;16430
301;1694;449;2025-04-19;9000
302;2380;450;2025-04-21;3362
303;2395;451;2025-05-02;6987
304;2951;453;2025-04-23;31749
305;34;454;2025-05-02;25440
306;1108;456;2025-04-19;20649
307;2093;457;2025-04-19;15167
308;2838;459;2025-04-25;12281
309;2486;460;2025-05-15;45972
310;629;461;2025-05-12;34346
311;2076;462;2025-05-02;11114
312;2343;463;2025-04-26;43513
313;2160;464;2025-05-01;18518
314;2769;467;2025-04-25;20265
315;2122;468;2025-05-13;4121
316;208;469;2025-04-28;2861
317;2374;471;2025-04-22;21830
318;2521;472;2025-05-06;26498
319;506;473;2025-05-08;36513
320;262;474;2025-04-20;2796
321;759;475;2025-04-27;28885
322;734;476;2025-05-01;5856
323;315;477;2025-04-21;33777
324;2747;479;2025-05-06;21914
325;1863;481;2025-05-18;47140
326;1616;482;2025-05-17;40648
327;901;483;2025-04-23;10938
328;1084;484;2025-05-17;9037
329;896;485;2025-04-30;16429
330;455;486;2025-05-01;30906
331;2207;487;2025-05-12;25848
332;1994;488;2025-04-18;47857
333;2058;489;2025-04-18;36646
334;2562;491;2025-05-07;45842
335;1747;492;2025-04-22;21255
336;2162;494;2025-05-16;45645
337;2473;495;2025-05-17;37102
338;916;496;2025-05-09;28128
339;735;497;2025-05-01;17565
340;2124;499;2025-04-27;33474
341;262;501;2025-04-29;8309
342;596;502;2025-04-24;17008
343;96;503;2025-04-22;12708
344;1841;504;2025-05-01;23321
345;951;506;2025-04-21;31278
346;751;507;2025-05-17;34430
347;1397;509;2025-05-01;16547
348;1558;510;2025-04-23;14084
349;196;512;2025-04-24;39511
350;1899;513;2025-04-29;11201
351;2438;514;2025-05-01;39231
352;55;515;2025-05-04;34074
353;1847;517;2025-04-23;30534
354;2478;518;2025-05-10;4898
355;471;519;2025-05-18;32763
356;2414;520;2025-05-12;28298
357;2080;523;2025-04-24;6849
358;2891;524;2025-05-04;23871
359;2633;527;2025-04-20;12723
360;1942;528;2025-05-18;36696
361;268;533;2025-04-25;39348
362;38;534;2025-05-03;28471
363;1519;535;2025-05-02;5514
364;1628;537;2025-04-26;26449
365;330;538;2025-05-06;31075
366;211;539;2025-05-03;18087
367;1473;541;2025-05-01;15680
368;1676;542;2025-04-23;9845
369;1886;543;2025-04-23;10071
370;2457;544;2025-05-13;8311
371;195;546;2025-05-08;46229
372;1260;547;2025-05-05;38081
373;2529;548;2025-04-23;39373
374;918;550;2025-04-30;48226
375;2086;551;2025-05-05;31861
376;1249;554;2025-05-14;29815
377;1915;555;2025-04-23;8636
378;1752;556;2025-04-30;15255
379;2679;557;2025-04-24;24635
380;567;558;2025-05-08;6333
381;130;559;2025-05-03;2740
382;1039;560;2025-04-29;8836
383;2002;561;2025-05-10;21815
384;756;562;2025-05-15;31662
385;1966;564;2025-04-24;31569
386;2158;565;2025-04-20;10347
387;2282;566;2025-05-15;9820
388;1132;567;2025-05-10;15895
389;918;570;2025-05-18;21758
390;205;571;2025-05-02;39215
391;2269;572;2025-04-21;35298
392;2223;573;2025-05-01;12682
393;154;575;2025-04-21;11569
394;179;576;2025-05-18;49781
395;625;577;2025-04-19;35840
396;2852;579;2025-05-04;22133
397;2147;581;2025-04-21;31347
398;1004;582;2025-05-16;39341
399;809;583;2025-04-26;5710
400;2653;584;2025-04-26;13378
401;486;585;2025-05-01;29086
402;1667;586;2025-04-28;5743
403;2935;588;2025-05-13;38081
404;2843;592;2025-04-25;9026
405;2836;593;2025-05-17;45012
406;1896;596;2025-05-17;33698
407;475;597;2025-04-23;10495
408;1965;598;2025-05-04;43438
409;117;599;2025-04-21;40764
410;36;601;2025-05-09;38416
411;459;602;2025-05-08;47598
412;706;603;2025-05-01;16714
413;2314;604;2025-05-13;4581
414;1772;605;2025-04-24;14359
415;2780;606;2025-05-17;19800
416;1088;608;2025-04-20;7154
417;39;609;2025-04-22;40851
418;502;611;2025-05-05;45245
419;431;613;2025-05-18;20623
420;2831;614;2025-05-12;33900
421;1810;615;2025-04-25;23633
422;269;616;2025-05-06;45867
423;1826;617;2025-05-05;22332
424;246;618;2025-05-04;18450
425;20;620;2025-05-09;19732
426;1200;622;2025-05-06;19457
427;378;623;2025-04-26;2886
428;1780;625;2025-05-11;18575
429;810;626;2025-05-14;40533
430;746;627;2025-04-20;44599
431;2301;630;2025-05-03;14197
432;1514;631;2025-04-25;28754
433;719;632;2025-05-13;43995
434;2432;633;2025-05-16;14087
435;2664;634;2025-04-25;9649
436;1716;637;2025-05-04;7644
437;410;639;2025-04-24;7296
438;607;640;2025-05-14;40735
439;222;641;2025-04-19;16325
440;368;642;2025-04-27;43126
441;2875;643;2025-05-14;15919
442;2975;644;2025-05-08;20449
443;2596;645;2025-05-08;17309
444;2189;646;2025-04-25;26423
445;2112;649;2025-05-14;45881
446;2410;650;2025-05-13;2655
447;996;651;2025-05-08;14137
448;1523;652;2025-05-02;16470
449;1061;654;2025-05-06;40413
450;2112;655;2025-04-25;8656
451;2805;656;2025-04-23;19485
452;63;659;2025-04-27;38890
453;138;661;2025-04-22;28465
454;84;662;2025-04-22;46648
455;1864;663;2025-05-11;8935
456;265;664;2025-05-15;14475
457;1194;665;2025-05-01;5182
458;200;666;2025-04-21;7615
459;2137;667;2025-05-05;10298
460;1956;668;2025-05-01;11335
461;2980;669;2025-04-19;20774
462;2973;670;2025-04-24;47014
463;1511;672;2025-04-29;36476
464;376;673;2025-05-11;8039
465;1261;674;2025-05-17;26329
466;2076;675;2025-05-06;3490
467;261;676;2025-05-10;41417
468;880;677;2025-04-25;17845
469;2907;678;2025-04-18;26963
470;1720;679;2025-05-06;20586
471;1135;681;2025-05-13;40909
472;78;682;2025-05-17;5126
473;2615;683;2025-05-02;4989
474;276;684;2025-04-23;15362
475;764;685;2025-04-22;33128
476;2231;687;2025-04-29;2863
477;854;689;2025-04-22;27188
478;301;690;2025-04-18;18567
479;94;691;2025-04-30;49684
480;1343;692;2025-05-08;14005
481;1727;693;2025-05-09;17183
482;202;695;2025-05-10;28462
483;2708;696;2025-05-12;9660
484;1061;697;2025-04-29;22124
485;56;698;2025-05-12;49302
486;971;700;2025-05-01;36114
487;1423;701;2025-05-02;37622
488;276;703;2025-05-18;32662
489;1073;705;2025-04-24;10914
490;1863;706;2025-05-15;38402
491;1579;707;2025-05-10;18240
492;2822;708;2025-05-09;9963
493;1650;709;2025-05-18;39024
494;2293;711;2025-05-17;33049
495;1849;713;2025-04-26;2829
496;1264;714;2025-04-19;3888
497;1411;715;2025-05-11;40480
498;746;717;2025-04-30;44992
499;436;718;2025-05-13;2785
500;2798;722;2025-05-16;18707
501;2916;723;2025-04-20;41861
502;779;724;2025-05-03;43233
503;2135;725;2025-05-04;29936
504;46;726;2025-05-06;9761
505;1494;730;2025-04-20;48647
506;533;731;2025-05-06;37751
507;507;732;2025-04-24;47231
508;80;735;2025-05-03;36674
509;793;736;2025-04-18;18507
510;1912;737;2025-04-22;7333
511;2334;739;2025-05-06;6199
512;1080;740;2025-05-07;29149
513;2451;741;2025-04-22;4722
514;348;742;2025-04-26;2546
515;798;744;2025-04-18;11292
516;2313;745;2025-04-25;14773
517;888;747;2025-05-12;11364
518;2080;748;2025-04-24;25925
519;2375;749;2025-05-05;20745
520;2142;750;2025-04-19;11811
521;2020;752;2025-05-18;43018
522;189;753;2025-05-01;6131
523;968;757;2025-05-05;38980
524;2388;758;2025-05-12;18366
525;2724;759;2025-04-26;29050
526;459;760;2025-04-28;33561
527;1317;761;2025-04-22;38114
528;1955;762;2025-05-18;21770
529;2787;765;2025-04-28;49397
530;1179;766;2025-05-02;20681
531;350;768;2025-05-05;13913
532;2201;769;2025-05-04;43879
533;52;771;2025-05-09;18856
534;1568;773;2025-04-27;2385
535;923;776;2025-05-15;28676
536;1630;777;2025-04-27;40983
537;1547;779;2025-04-19;2071
538;1582;781;2025-05-18;43355
539;2326;782;2025-04-30;43909
540;182;783;2025-04-20;2339
541;2737;784;2025-04-28;37136
542;1305;785;2025-04-26;2790
543;2834;786;2025-04-20;39872
544;2766;788;2025-04-23;10943
545;2380;789;2025-04-27;18018
546;2121;790;2025-04-22;47294
547;816;791;2025-05-01;22238
548;2598;792;2025-04-24;21561
549;1675;794;2025-05-13;28615
550;1037;795;2025-04-26;2887
551;736;797;2025-04-23;32579
552;2169;798;2025-04-19;17630
553;548;799;2025-04-19;47149
554;1564;801;2025-05-11;22948
555;2780;804;2025-05-14;29672
556;2883;809;2025-04-27;3843
557;430;810;2025-05-18;19085
558;1729;812;2025-04-19;13645
559;2707;813;2025-04-24;42154
560;1129;814;2025-05-09;20315
561;2215;815;2025-05-01;8835
562;918;816;2025-04-30;13188
563;1121;817;2025-05-02;39211
564;693;818;2025-04-26;43029
565;1091;820;2025-05-04;33217
566;2376;821;2025-05-16;7158
567;2519;823;2025-05-11;25327
568;723;826;2025-05-09;38018
569;113;827;2025-05-08;24194
570;339;830;2025-05-15;41729
571;1941;832;2025-04-29;16881
572;1955;833;2025-04-20;2685
573;2711;835;2025-05-12;24807
574;1303;836;2025-05-03;21152
575;1042;837;2025-04-28;46594
576;2106;840;2025-04-28;34669
577;1002;841;2025-04-27;10593
578;2772;842;2025-05-15;33698
579;1008;843;2025-05-11;34314
580;1699;844;2025-05-04;18524
581;128;845;2025-04-30;36914
582;1844;846;2025-05-16;31733
583;2271;847;2025-04-28;6349
584;881;849;2025-05-01;9507
585;1195;850;2025-04-27;12636
586;2851;851;2025-04-22;45578
587;1540;855;2025-05-12;16174
588;2882;856;2025-05-08;25603
589;1220;857;2025-05-06;31347
590;1531;858;2025-05-14;23647
591;2388;859;2025-04-19;22136
592;2286;860;2025-04-26;35500
593;889;861;2025-05-04;31815
594;103;862;2025-04-28;36762
595;2952;863;2025-05-03;6589
596;2919;864;2025-04-19;40628
597;2581;865;2025-05-02;16990
598;2478;866;2025-05-01;26481
599;1170;867;2025-04-19;30851
600;1578;868;2025-04-25;42627
601;2500;870;2025-05-16;42239
602;2158;871;2025-04-25;2150
603;2559;872;2025-05-05;35024
604;602;873;2025-05-15;7724
605;1901;874;2025-04-30;21408
606;764;875;2025-04-27;25935
607;1834;876;2025-05-12;5730
608;1567;877;2025-05-08;12365
609;350;878;2025-04-29;39617
610;188;879;2025-05-13;46128
611;1971;880;2025-05-13;29679
612;2072;881;2025-05-11;8862
613;1647;882;2025-04-29;8020
614;358;883;2025-05-07;12218
615;35;884;2025-05-17;38779
616;1477;885;2025-05-15;36809
617;2782;887;2025-05-01;33372
618;710;888;2025-05-06;46899
619;1042;889;2025-05-01;39034
620;1120;890;2025-05-16;14582
621;2949;891;2025-05-08;14522
622;2098;892;2025-04-20;25455
623;861;893;2025-04-30;47718
624;1545;894;2025-04-20;30919
625;1525;895;2025-05-09;43361
626;710;897;2025-05-08;14351
627;1206;898;2025-05-12;16111
628;746;899;2025-05-04;10064
629;2782;900;2025-04-18;12817
630;1946;901;2025-05-11;12513
631;1351;902;2025-05-06;37565
632;863;903;2025-05-13;7814
633;2996;904;2025-05-15;20125
634;2363;905;2025-04-21;7462
635;1464;906;2025-05-01;48028
636;1801;907;2025-04-26;33024
637;635;909;2025-04-27;47422
638;6;910;2025-05-12;2156
639;1573;911;2025-05-17;25374
640;447;912;2025-04-22;26430
641;1805;913;2025-04-28;27560
642;2429;914;2025-05-11;35483
643;647;916;2025-04-21;2755
644;2491;917;2025-05-07;30231
645;40;918;2025-04-18;22082
646;1514;919;2025-05-10;14724
647;142;921;2025-04-30;44423
648;386;922;2025-04-21;27872
649;2278;924;2025-04-22;24475
650;489;927;2025-04-28;38945
651;2789;928;2025-04-27;35973
652;2092;929;2025-05-06;14529
653;666;930;2025-04-23;38920
654;1556;931;2025-04-22;30485
655;1878;932;2025-05-09;22920
656;2932;935;2025-04-27;13186
657;822;936;2025-05-11;18901
658;971;937;2025-04-27;29840
659;1786;938;2025-04-28;29769
660;1419;940;2025-04-18;15086
661;1675;941;2025-05-10;15638
662;760;944;2025-05-01;49477
663;523;946;2025-04-20;2898
664;2990;947;2025-05-16;45273
665;2811;949;2025-05-18;15608
666;457;950;2025-05-17;23900
667;2676;952;2025-04-18;28838
668;2764;954;2025-04-21;24495
669;800;955;2025-04-26;40396
670;555;956;2025-05-14;23163
671;373;957;2025-05-16;20314
672;895;958;2025-04-30;13956
673;1186;959;2025-04-22;18967
674;1936;961;2025-05-09;34064
675;731;962;2025-05-01;9856
676;2697;964;2025-04-18;13962
677;831;967;2025-05-16;18775
678;489;968;2025-04-23;31599
679;357;969;2025-04-29;5432
680;1028;970;2025-04-18;16352
681;2866;971;2025-05-08;19258
682;2589;972;2025-04-26;19595
683;369;973;2025-05-10;7040
684;2169;974;2025-05-05;5183
685;2473;975;2025-04-25;38015
686;1967;977;2025-05-10;35595
687;2042;978;2025-04-20;38360
688;1414;983;2025-05-16;48773
689;1315;986;2025-04-26;21048
690;761;987;2025-05-10;16168
691;2579;989;2025-04-20;46431
692;1535;991;2025-04-22;25489
693;1423;993;2025-05-01;14525
694;1109;994;2025-05-17;39402
695;1048;995;2025-05-11;49240
696;2896;996;2025-04-30;36770
697;2794;997;2025-04-30;3454
698;781;999;2025-04-28;38094
699;1446;1000;2025-05-12;49262
700;1206;1001;2025-05-10;46553
701;1359;1002;2025-04-28;41325
702;2820;1004;2025-04-21;6281
703;2850;1005;2025-04-27;5589
704;1877;1006;2025-05-02;14171
705;2459;1007;2025-04-28;2703
706;61;1009;2025-04-21;25694
707;743;1010;2025-04-26;23464
708;1591;1011;2025-05-09;9239
709;1074;1012;2025-05-04;36852
710;1050;1013;2025-05-03;31324
711;7;1016;2025-04-25;25834
712;259;1017;2025-05-15;7807
713;1727;1018;2025-05-03;16088
714;2010;1019;2025-04-26;32776
715;113;1020;2025-04-22;8309
716;372;1021;2025-05-16;35791
717;2014;1022;2025-04-18;21180
718;912;1024;2025-05-14;28231
719;1016;1025;2025-05-11;43600
720;1938;1026;2025-05-11;45496
721;328;1027;2025-05-16;38020
722;1248;1028;2025-04-30;13786
723;1026;1030;2025-05-17;49201
724;1343;1032;2025-04-18;48291
725;960;1033;2025-05-06;42384
726;1106;1034;2025-05-06;46390
727;340;1035;2025-05-10;29645
728;1604;1036;2025-05-09;43852
729;501;1039;2025-05-09;34935
730;650;1040;2025-04-27;36395
731;1898;1041;2025-04-18;30891
732;2623;1042;2025-05-09;16295
733;836;1043;2025-05-17;38267
734;2268;1044;2025-04-25;31922
735;2298;1045;2025-05-04;16498
736;458;1047;2025-05-06;7226
737;214;1048;2025-05-09;48030
738;2898;1050;2025-05-11;22718
739;1744;1052;2025-04-18;9161
740;1088;1053;2025-05-02;39376
741;750;1054;2025-05-03;22745
742;746;1055;2025-05-16;29341
743;2788;1058;2025-05-14;42301
744;2564;1059;2025-05-08;12633
745;1064;1061;2025-04-26;45691
746;924;1062;2025-04-21;8765
747;1603;1063;2025-05-07;37732
748;2954;1064;2025-05-17;10153
749;442;1065;2025-04-23;9995
750;1779;1066;2025-05-12;23884
751;894;1067;2025-05-17;35638
752;190;1068;2025-05-10;47877
753;1550;1069;2025-05-06;32229
754;438;1070;2025-04-29;19665
755;382;1071;2025-05-05;8148
756;804;1072;2025-05-04;41055
757;2866;1073;2025-05-09;46600
758;2578;1074;2025-05-13;46534
759;59;1075;2025-05-02;47441
760;2951;1076;2025-04-22;7720
761;1485;1077;2025-05-03;13657
762;1986;1079;2025-05-18;40452
763;662;1081;2025-04-30;7969
764;901;1082;2025-05-17;37012
765;860;1083;2025-04-22;11623
766;591;1084;2025-05-18;11259
767;149;1086;2025-04-28;15287
768;2320;1087;2025-05-17;37613
769;1367;1088;2025-05-01;48881
770;1781;1090;2025-04-21;30878
771;795;1091;2025-04-19;31917
772;2198;1092;2025-04-18;14984
773;2403;1093;2025-04-19;27675
774;2501;1094;2025-05-01;37860
775;2756;1095;2025-04-22;41989
776;198;1096;2025-05-15;22138
777;85;1097;2025-04-28;30457
778;894;1098;2025-05-05;36342
779;2117;1099;2025-05-01;48301
780;2045;1100;2025-05-13;15993
781;177;1101;2025-04-22;13725
782;200;1103;2025-05-11;15262
783;562;1105;2025-04-22;2506
784;466;1106;2025-05-13;6841
785;1754;1107;2025-05-16;30046
786;46;1108;2025-04-28;21630
787;1571;1109;2025-05-01;44780
788;2423;1110;2025-05-18;34159
789;1386;1111;2025-05-01;10644
790;828;1113;2025-04-20;43596
791;1740;1114;2025-05-07;3701
792;8;1116;2025-05-09;37221
793;1922;1118;2025-05-05;24248
794;1709;1120;2025-05-04;19515
795;386;1121;2025-05-08;12833
796;598;1122;2025-04-30;15045
797;2341;1123;2025-04-23;30615
798;435;1124;2025-05-15;42826
799;470;1125;2025-05-13;46314
800;1009;1127;2025-04-19;38744
801;2900;1128;2025-05-18;8192
802;1513;1132;2025-04-24;23899
803;781;1135;2025-04-18;37062
804;207;1137;2025-04-18;20931
805;2642;1141;2025-05-05;38468
806;2281;1142;2025-04-27;20405
807;100;1145;2025-04-20;38126
808;786;1146;2025-05-12;8294
809;1711;1147;2025-05-05;38716
810;1212;1149;2025-05-11;46014
811;2551;1150;2025-05-06;30318
812;2374;1151;2025-04-26;17702
813;2682;1152;2025-05-13;34615
814;1921;1153;2025-05-05;37770
815;760;1155;2025-04-21;7030
816;388;1157;2025-05-09;34814
817;741;1158;2025-05-18;14629
818;2822;1160;2025-05-12;48972
819;2630;1161;2025-04-18;38574
820;2844;1162;2025-05-06;5615
821;1600;1163;2025-04-22;41344
822;2086;1164;2025-05-03;5725
823;795;1165;2025-04-19;3272
824;1824;1166;2025-05-04;17915
825;2422;1169;2025-05-07;45625
826;194;1170;2025-05-01;26369
827;2827;1171;2025-05-16;31203
828;2827;1174;2025-05-06;41879
829;363;1175;2025-05-02;32819
830;874;1177;2025-04-20;44010
831;86;1178;2025-04-19;13583
832;533;1179;2025-04-19;26076
833;1140;1181;2025-05-12;11221
834;1036;1182;2025-05-04;49742
835;904;1184;2025-04-22;43663
836;258;1185;2025-05-13;25821
837;869;1186;2025-04-21;41034
838;575;1187;2025-05-05;49952
839;1855;1191;2025-05-06;48160
840;826;1192;2025-04-28;16917
841;826;1193;2025-04-27;15162
842;614;1194;2025-05-04;9530
843;2957;1196;2025-05-05;13326
844;1733;1197;2025-04-22;27120
845;2208;1198;2025-05-10;8862
846;2954;1199;2025-04-20;44872
847;2777;1200;2025-04-20;19504
848;2363;1202;2025-05-14;16319
849;2016;1204;2025-04-29;44087
850;2153;1207;2025-05-09;4430
851;110;1208;2025-05-11;20755
852;1410;1209;2025-05-16;22677
853;1075;1210;2025-05-17;45807
854;1796;1211;2025-05-14;26671
855;170;1212;2025-05-03;10869
856;1754;1213;2025-04-26;8946
857;2247;1215;2025-04-25;27919
858;240;1216;2025-05-05;8382
859;1814;1217;2025-05-09;10331
860;1166;1218;2025-04-20;17262
861;2423;1219;2025-04-25;21178
862;948;1220;2025-04-24;17203
863;2243;1221;2025-05-11;46857
864;1353;1222;2025-05-13;5366
865;585;1223;2025-04-30;45200
866;1015;1224;2025-05-17;33699
867;1323;1226;2025-04-19;41579
868;1376;1227;2025-05-18;41336
869;1277;1230;2025-05-15;5852
870;1960;1232;2025-05-10;22307
871;2590;1234;2025-05-18;12929
872;419;1238;2025-04-21;15232
873;421;1239;2025-04-18;42684
874;1613;1240;2025-04-22;40462
875;2630;1242;2025-05-14;43302
876;2566;1243;2025-04-22;15389
877;1426;1244;2025-04-30;5037
878;2360;1245;2025-05-13;31906
879;1440;1247;2025-05-13;44178
880;313;1248;2025-05-04;17147
881;790;1249;2025-05-06;17216
882;2716;1250;2025-05-15;42614
883;2858;1252;2025-05-14;2939
884;588;1254;2025-04-22;29006
885;1895;1255;2025-05-11;35099
886;2568;1256;2025-05-11;47453
887;809;1257;2025-04-28;23947
888;1618;1259;2025-05-05;43580
889;2867;1260;2025-05-11;24100
890;2625;1261;2025-04-20;26068
891;2476;1262;2025-05-18;31271
892;880;1264;2025-04-21;12870
893;2585;1265;2025-05-07;38084
894;815;1266;2025-05-02;14104
895;2227;1267;2025-05-09;32377
896;616;1268;2025-05-11;46381
897;2288;1270;2025-04-22;29960
898;2381;1273;2025-05-10;41505
899;1982;1275;2025-05-09;27836
900;255;1276;2025-05-05;24209
901;651;1278;2025-05-10;31910
902;1343;1280;2025-04-30;23523
903;2149;1281;2025-05-16;18665
904;208;1285;2025-05-03;2371
905;1441;1286;2025-04-27;13672
906;1354;1287;2025-05-18;8687
907;2622;1288;2025-04-24;9841
908;1977;1289;2025-05-01;13151
909;2927;1291;2025-05-14;25136
910;2385;1292;2025-05-16;7681
911;873;1293;2025-04-21;20985
912;390;1294;2025-04-21;49734
913;2482;1295;2025-04-27;14517
914;2038;1296;2025-05-02;22489
915;2523;1298;2025-05-07;6409
916;2032;1299;2025-05-04;8197
917;2361;1302;2025-05-03;32988
918;2987;1303;2025-05-11;27481
919;2171;1304;2025-05-02;2072
920;1579;1306;2025-05-04;15878
921;1018;1307;2025-04-19;40080
922;2466;1308;2025-05-03;28389
923;629;1309;2025-05-05;45041
924;2392;1310;2025-05-09;33968
925;42;1311;2025-04-18;35880
926;1878;1312;2025-05-17;6920
927;1386;1313;2025-05-17;5975
928;696;1314;2025-04-29;9179
929;2496;1319;2025-04-24;40226
930;1300;1320;2025-04-30;23843
931;1826;1321;2025-05-12;19792
932;1632;1322;2025-04-30;25616
933;1142;1324;2025-04-26;32462
934;2448;1326;2025-05-03;22174
935;133;1328;2025-05-17;48936
936;2382;1329;2025-04-19;30721
937;231;1330;2025-05-18;44759
938;2807;1331;2025-05-13;6316
939;1194;1332;2025-04-19;6696
940;835;1333;2025-04-27;7332
941;1953;1337;2025-04-28;47357
942;1587;1338;2025-05-18;11507
943;2329;1339;2025-05-01;14423
944;1947;1340;2025-04-19;27873
945;2706;1342;2025-05-02;26874
946;539;1343;2025-05-02;31289
947;258;1344;2025-05-03;24091
948;492;1345;2025-04-30;36730
949;1200;1346;2025-04-18;49114
950;936;1347;2025-04-29;31750
951;1669;1349;2025-04-30;25875
952;956;1352;2025-04-26;8357
953;899;1353;2025-05-12;40492
954;952;1354;2025-04-18;38872
955;2830;1355;2025-05-16;30646
956;478;1356;2025-04-22;22091
957;1848;1357;2025-05-11;9185
958;549;1358;2025-04-24;18908
959;1298;1359;2025-05-06;6829
960;464;1360;2025-05-09;4403
961;1589;1361;2025-05-01;41801
962;655;1362;2025-05-01;18128
963;785;1363;2025-04-25;24895
964;1820;1364;2025-05-13;21977
965;1101;1365;2025-05-03;18543
966;347;1366;2025-04-22;48841
967;380;1367;2025-05-07;24040
968;1743;1368;2025-05-09;4664
969;189;1370;2025-05-11;23938
970;2427;1372;2025-04-23;8486
971;2767;1374;2025-05-02;25122
972;2510;1375;2025-04-18;23944
973;2359;1376;2025-04-29;33951
974;610;1377;2025-05-06;4137
975;1164;1379;2025-05-04;46037
976;661;1380;2025-04-18;11483
977;150;1383;2025-05-02;2407
978;1027;1384;2025-05-10;7327
979;2376;1385;2025-05-10;42349
980;189;1386;2025-05-13;12186
981;970;1389;2025-05-04;43070
982;1174;1392;2025-04-30;26127
983;1499;1393;2025-05-17;37280
984;1524;1394;2025-05-16;10281
985;583;1395;2025-04-22;24324
986;1965;1396;2025-05-02;44449
987;189;1397;2025-04-23;13419
988;2164;1398;2025-04-27;9625
989;1845;1401;2025-04-19;18186
990;2578;1402;2025-05-08;11434
991;1492;1403;2025-04-21;36935
992;1048;1405;2025-05-11;28431
993;1658;1406;2025-05-02;32286
994;2847;1408;2025-05-15;13555
995;286;1409;2025-05-05;23528
996;272;1410;2025-04-27;39580
997;21;1411;2025-05-11;37940
998;865;1412;2025-05-01;3529
999;2362;1413;2025-04-27;3854
1000;184;1414;2025-05-09;13274
1001;532;1416;2025-05-17;4770
1002;2064;1417;2025-05-13;11674
1003;829;1418;2025-04-23;15419
1004;1859;1420;2025-04-22;3563
1005;712;1422;2025-05-17;29067
1006;1783;1423;2025-04-21;8877
1007;2643;1424;2025-05-09;6199
1008;1544;1425;2025-05-04;14687
1009;834;1426;2025-05-01;24282
1010;2590;1428;2025-05-05;7235
1011;1664;1429;2025-05-09;9721
1012;1198;1431;2025-04-20;46953
1013;823;1432;2025-05-14;2830
1014;1511;1433;2025-05-05;21321
1015;1942;1435;2025-05-06;25648
1016;2112;1436;2025-04-29;38049
1017;2682;1437;2025-05-16;43899
1018;2815;1438;2025-04-20;7604
1019;2905;1441;2025-05-12;15635
1020;1067;1442;2025-04-29;2530
1021;1681;1443;2025-05-12;25057
1022;582;1444;2025-04-30;31386
1023;2614;1445;2025-04-19;10558
1024;2327;1446;2025-04-21;18417
1025;1629;1451;2025-04-30;6842
1026;2591;1454;2025-05-12;14090
1027;1417;1455;2025-04-30;32813
1028;476;1457;2025-04-23;27714
1029;2201;1458;2025-05-16;18148
1030;2596;1459;2025-05-14;46829
1031;2394;1460;2025-05-07;4410
1032;1650;1461;2025-04-27;15875
1033;837;1463;2025-04-22;4659
1034;1397;1464;2025-04-20;27316
1035;1488;1465;2025-04-26;3965
1036;2466;1466;2025-05-09;23207
1037;765;1467;2025-04-18;29169
1038;441;1468;2025-04-20;7867
1039;214;1469;2025-04-24;20967
1040;1831;1470;2025-05-03;8012
1041;2823;1472;2025-05-02;3256
1042;1018;1474;2025-05-10;21996
1043;1676;1476;2025-05-04;29869
1044;1821;1477;2025-05-06;27986
1045;1514;1478;2025-05-09;21502
1046;675;1479;2025-04-22;23324
1047;1111;1480;2025-05-04;5841
1048;54;1481;2025-04-18;44751
1049;2839;1484;2025-05-14;45847
1050;1537;1485;2025-04-27;11026
1051;379;1486;2025-05-10;38551
1052;1700;1488;2025-04-20;32567
1053;2423;1489;2025-05-15;46764
1054;192;1490;2025-05-01;37255
1055;1440;1492;2025-05-16;35295
1056;1118;1493;2025-04-19;33349
1057;1603;1494;2025-04-23;41949
1058;351;1495;2025-05-16;22456
1059;1725;1496;2025-04-22;11766
1060;387;1497;2025-05-09;8160
1061;915;1498;2025-04-23;46760
1062;2524;1500;2025-04-23;38106
1063;621;1501;2025-04-20;11550
1064;525;1503;2025-05-09;36824
1065;1283;1504;2025-05-15;31141
1066;1914;1505;2025-04-25;6351
1067;38;1506;2025-05-12;24088
1068;2676;1509;2025-05-18;45061
1069;656;1510;2025-05-18;13723
1070;2175;1511;2025-05-18;31320
1071;1163;1512;2025-05-15;31679
1072;203;1513;2025-04-21;31933
1073;1637;1514;2025-05-14;48200
1074;1614;1516;2025-05-15;11529
1075;2951;1517;2025-05-04;25619
1076;787;1518;2025-05-04;46991
1077;2953;1520;2025-05-12;43491
1078;2921;1521;2025-05-07;43880
1079;2993;1524;2025-04-27;10404
1080;2462;1525;2025-04-18;11946
1081;2951;1526;2025-05-16;7492
1082;1192;1527;2025-05-17;18073
1083;1893;1528;2025-05-01;38641
1084;863;1529;2025-04-28;48470
1085;1495;1530;2025-05-03;16259
1086;1161;1531;2025-05-18;10172
1087;1606;1533;2025-04-22;17827
1088;425;1535;2025-04-24;35331
1089;328;1536;2025-04-30;3247
1090;1012;1537;2025-05-13;2242
1091;2844;1538;2025-04-23;17620
1092;1434;1539;2025-04-28;13914
1093;300;1540;2025-05-15;44018
1094;356;1541;2025-05-16;45547
1095;2447;1542;2025-05-11;23247
1096;1801;1543;2025-04-27;38940
1097;1445;1545;2025-04-25;40279
1098;282;1546;2025-04-29;10090
1099;2853;1547;2025-04-23;29460
1100;1071;1549;2025-05-10;23986
1101;177;1551;2025-04-28;26845
1102;2411;1552;2025-04-28;32904
1103;2581;1553;2025-05-09;17446
1104;2212;1555;2025-05-16;41814
1105;679;1557;2025-04-23;27092
1106;471;1558;2025-05-03;19852
1107;848;1559;2025-05-15;31427
1108;1635;1560;2025-05-06;14481
1109;1774;1562;2025-04-20;28234
1110;2105;1564;2025-05-12;29122
1111;865;1565;2025-04-18;4593
1112;209;1566;2025-04-27;16947
1113;600;1567;2025-05-06;32279
1114;1736;1568;2025-05-01;15433
1115;1173;1569;2025-05-02;49556
1116;2071;1570;2025-04-26;29238
1117;2030;1572;2025-04-18;34230
1118;3;1573;2025-04-25;14638
1119;274;1576;2025-04-24;18209
1120;409;1577;2025-05-18;37852
1121;1679;1578;2025-05-14;5664
1122;1742;1579;2025-04-28;22618
1123;1903;1580;2025-04-23;42289
1124;1842;1581;2025-04-26;27791
1125;114;1583;2025-05-14;26113
1126;343;1584;2025-04-18;24552
1127;1924;1585;2025-04-23;40334
1128;541;1586;2025-05-06;12749
1129;1206;1588;2025-04-27;25624
1130;25;1590;2025-04-26;19859
1131;295;1591;2025-05-03;45872
1132;23;1592;2025-05-02;42101
1133;841;1594;2025-05-17;23987
1134;125;1595;2025-05-06;39674
1135;1074;1596;2025-05-07;32124
1136;787;1598;2025-05-05;15025
1137;2441;1599;2025-04-20;7668
1138;1023;1600;2025-04-30;20040
1139;1897;1603;2025-04-26;9566
1140;333;1605;2025-05-13;36872
1141;1869;1608;2025-05-02;38789
1142;625;1609;2025-04-18;20917
1143;2930;1611;2025-05-11;35633
1144;1808;1612;2025-04-24;25356
1145;2846;1613;2025-05-06;17460
1146;286;1615;2025-05-17;22487
1147;961;1617;2025-05-18;42037
1148;1273;1618;2025-05-13;19007
1149;59;1619;2025-05-03;47779
1150;1909;1621;2025-05-13;45526
1151;1104;1622;2025-05-13;18847
1152;1608;1623;2025-05-16;17331
1153;59;1625;2025-05-08;12821
1154;1939;1626;2025-05-06;43171
1155;1850;1627;2025-05-04;25669
1156;2704;1628;2025-04-19;41197
1157;437;1630;2025-04-23;33696
1158;2128;1631;2025-05-10;36268
1159;2884;1633;2025-05-08;44933
1160;660;1634;2025-05-06;25179
1161;944;1635;2025-05-06;20151
1162;1017;1636;2025-05-07;3826
1163;2134;1639;2025-05-10;30385
1164;954;1640;2025-05-09;18593
1165;145;1641;2025-04-25;15020
1166;1050;1642;2025-04-21;17108
1167;614;1643;2025-04-21;28006
1168;46;1646;2025-04-28;44842
1169;2530;1647;2025-05-07;23200
1170;1412;1648;2025-05-08;12983
1171;2106;1649;2025-05-13;20616
1172;1472;1651;2025-05-18;29184
1173;2707;1652;2025-05-04;17087
1174;1438;1653;2025-05-06;26235
1175;563;1654;2025-05-10;32301
1176;1557;1655;2025-05-13;35595
1177;657;1656;2025-05-16;36931
1178;798;1657;2025-05-17;14834
1179;292;1659;2025-05-02;6747
1180;1139;1662;2025-04-26;3236
1181;2839;1663;2025-05-02;22615
1182;2719;1664;2025-04-28;22565
1183;2004;1665;2025-05-13;26046
1184;1703;1666;2025-04-30;38242
1185;339;1669;2025-05-04;17096
1186;2419;1671;2025-05-15;32683
1187;1189;1672;2025-04-29;20358
1188;1748;1673;2025-05-17;5046
1189;597;1674;2025-04-24;25526
1190;87;1675;2025-04-23;4342
1191;1156;1677;2025-04-19;13438
1192;989;1678;2025-05-01;32473
1193;2115;1679;2025-05-09;26573
1194;1267;1680;2025-05-16;9025
1195;859;1681;2025-05-08;32949
1196;1210;1682;2025-04-28;7048
1197;412;1684;2025-04-29;34361
1198;400;1685;2025-05-10;40737
1199;1127;1686;2025-05-15;35404
1200;1642;1687;2025-05-01;39494
1201;2881;1689;2025-04-19;48260
1202;2722;1690;2025-05-06;27204
1203;201;1691;2025-05-16;8951
1204;892;1694;2025-05-02;21322
1205;628;1695;2025-05-16;2334
1206;393;1696;2025-05-11;27492
1207;1217;1697;2025-04-29;25789
1208;978;1698;2025-05-06;17757
1209;2341;1699;2025-04-30;43149
1210;2568;1700;2025-05-10;5496
1211;2402;1701;2025-04-23;49071
1212;910;1702;2025-05-18;8927
1213;2301;1703;2025-05-05;40035
1214;943;1704;2025-05-04;30968
1215;2199;1705;2025-04-21;22847
1216;1759;1707;2025-04-21;45782
1217;862;1708;2025-05-18;23032
1218;2740;1709;2025-04-24;25985
1219;463;1710;2025-05-01;42599
1220;2901;1711;2025-04-27;20807
1221;726;1712;2025-04-22;14993
1222;842;1713;2025-05-17;42032
1223;1886;1714;2025-05-12;39921
1224;2776;1715;2025-05-13;2739
1225;857;1716;2025-05-04;45929
1226;2959;1718;2025-05-04;43963
1227;1270;1719;2025-05-10;42969
1228;132;1720;2025-05-07;18359
1229;2539;1721;2025-05-14;47295
1230;1355;1722;2025-05-12;41340
1231;467;1723;2025-05-14;5223
1232;542;1725;2025-04-26;36925
1233;357;1726;2025-05-08;18150
1234;678;1727;2025-04-18;16738
1235;992;1728;2025-05-10;27291
1236;1410;1729;2025-05-04;42799
1237;1104;1730;2025-05-18;33074
1238;2473;1733;2025-05-09;32825
1239;14;1735;2025-05-11;47993
1240;2426;1738;2025-04-18;31401
1241;2121;1739;2025-05-07;8647
1242;1986;1740;2025-05-12;27536
1243;786;1741;2025-05-05;7870
1244;915;1742;2025-05-08;23924
1245;2465;1744;2025-04-22;16309
1246;282;1745;2025-04-30;5769
1247;820;1746;2025-04-21;34917
1248;1806;1747;2025-05-07;5709
1249;1405;1748;2025-05-07;49387
1250;2973;1749;2025-04-27;49415
1251;322;1751;2025-04-26;37952
1252;1855;1752;2025-04-21;40231
1253;1093;1753;2025-05-04;22529
1254;2571;1755;2025-05-18;25856
1255;115;1756;2025-04-24;18084
1256;1649;1757;2025-04-30;46968
1257;1222;1758;2025-04-28;6667
1258;2097;1759;2025-05-15;3046
1259;1106;1760;2025-05-06;25301
1260;420;1761;2025-04-23;8150
1261;2026;1762;2025-04-19;22629
1262;2249;1763;2025-05-15;37374
1263;357;1764;2025-05-18;8664
1264;613;1765;2025-04-26;28704
1265;1698;1766;2025-04-29;31176
1266;730;1767;2025-05-17;32485
1267;1863;1768;2025-04-20;35819
1268;60;1771;2025-04-21;22285
1269;1428;1772;2025-05-16;21396
1270;1874;1773;2025-05-15;40447
1271;415;1775;2025-05-11;29638
1272;1261;1776;2025-05-08;26114
1273;2068;1777;2025-05-11;46785
1274;575;1783;2025-05-16;45212
1275;1001;1784;2025-05-07;14774
1276;1949;1785;2025-05-13;23246
1277;2524;1787;2025-05-10;36137
1278;1585;1788;2025-04-25;6338
1279;2962;1789;2025-04-25;49970
1280;598;1790;2025-04-20;42723
1281;1440;1792;2025-05-06;19625
1282;259;1796;2025-05-07;22988
1283;1842;1798;2025-05-03;13946
1284;1422;1799;2025-05-09;28953
1285;1187;1800;2025-05-18;44783
1286;2126;1801;2025-04-26;13140
1287;2718;1802;2025-05-18;18387
1288;1686;1804;2025-04-21;24395
1289;947;1805;2025-04-24;44372
1290;389;1807;2025-04-22;32456
1291;1312;1809;2025-04-30;16406
1292;286;1810;2025-05-15;25631
1293;2766;1812;2025-05-13;39971
1294;35;1813;2025-05-17;5365
1295;2145;1814;2025-05-10;36567
1296;1872;1818;2025-05-05;42048
1297;1088;1819;2025-05-16;45362
1298;2665;1820;2025-04-27;10642
1299;322;1822;2025-04-29;24789
1300;251;1824;2025-05-09;26749
1301;2425;1825;2025-05-02;22624
1302;239;1827;2025-04-26;7991
1303;1144;1828;2025-05-08;35805
1304;1220;1829;2025-05-04;32045
1305;1638;1832;2025-04-27;44184
1306;2937;1833;2025-05-04;45193
1307;2522;1834;2025-05-13;41797
1308;2890;1835;2025-04-26;23971
1309;2986;1836;2025-05-18;2488
1310;639;1838;2025-05-08;42194
1311;1944;1839;2025-04-22;22857
1312;1775;1840;2025-05-07;37961
1313;2351;1841;2025-05-11;11069
1314;584;1842;2025-05-10;14076
1315;2062;1843;2025-04-25;44397
1316;1548;1844;2025-05-14;12921
1317;1195;1846;2025-05-17;12069
1318;518;1848;2025-04-22;49022
1319;330;1849;2025-04-20;3780
1320;2613;1850;2025-04-18;42422
1321;2360;1851;2025-05-02;42940
1322;204;1855;2025-04-27;16198
1323;190;1856;2025-04-24;5901
1324;2535;1859;2025-05-08;13379
1325;568;1860;2025-05-12;14064
1326;1044;1861;2025-04-21;10964
1327;1681;1862;2025-05-04;15095
1328;376;1863;2025-04-20;34433
1329;2154;1865;2025-05-10;3081
1330;2501;1866;2025-05-03;10613
1331;535;1867;2025-04-18;37509
1332;1245;1869;2025-04-23;39404
1333;2740;1870;2025-05-14;5844
1334;1991;1871;2025-04-27;33788
1335;2841;1872;2025-05-13;21595
1336;168;1874;2025-04-26;25289
1337;1776;1875;2025-05-11;49861
1338;2771;1877;2025-05-05;10879
1339;1054;1878;2025-04-22;47155
1340;30;1880;2025-04-19;8763
1341;2072;1881;2025-05-13;18256
1342;1160;1882;2025-04-20;39695
1343;450;1883;2025-04-21;28936
1344;261;1886;2025-04-19;42217
1345;2688;1887;2025-05-05;22796
1346;2531;1888;2025-04-27;11553
1347;561;1889;2025-04-18;34976
1348;570;1890;2025-04-25;20260
1349;724;1891;2025-04-21;11611
1350;2746;1892;2025-05-03;4496
1351;2310;1894;2025-04-23;31222
1352;2142;1895;2025-05-18;16014
1353;2538;1896;2025-04-19;31124
1354;68;1897;2025-05-10;13843
1355;2243;1898;2025-04-20;25864
1356;1628;1899;2025-05-12;35942
1357;1426;1901;2025-05-05;29980
1358;2074;1903;2025-04-27;26080
1359;2568;1904;2025-04-18;37228
1360;1029;1906;2025-05-03;14272
1361;521;1909;2025-05-17;38991
1362;372;1911;2025-05-18;18364
1363;1;1912;2025-04-21;32920
1364;1840;1915;2025-05-12;49708
1365;1877;1916;2025-04-25;4291
1366;1010;1917;2025-04-18;3818
1367;912;1918;2025-04-25;37623
1368;106;1920;2025-04-21;40551
1369;71;1921;2025-05-05;15560
1370;2579;1922;2025-04-24;48715
1371;2677;1923;2025-04-23;3969
1372;1203;1924;2025-04-26;22434
1373;1471;1925;2025-05-11;3947
1374;774;1926;2025-05-18;27510
1375;821;1927;2025-05-13;22000
1376;134;1928;2025-05-03;23979
1377;697;1929;2025-05-06;19758
1378;246;1930;2025-04-20;2641
1379;354;1931;2025-05-04;32140
1380;1673;1932;2025-04-22;20362
1381;1386;1933;2025-05-13;10974
1382;1268;1935;2025-05-17;20260
1383;2660;1936;2025-05-13;25930
1384;1503;1937;2025-04-21;6431
1385;1921;1939;2025-05-02;7075
1386;1525;1940;2025-05-01;29088
1387;2720;1941;2025-05-05;8079
1388;515;1942;2025-05-12;2183
1389;152;1943;2025-04-22;3683
1390;90;1945;2025-05-14;19021
1391;1140;1946;2025-04-18;21282
1392;1461;1947;2025-04-19;30133
1393;2300;1948;2025-05-09;31352
1394;125;1949;2025-05-11;20996
1395;774;1950;2025-05-12;6247
1396;369;1951;2025-05-16;21915
1397;2605;1952;2025-05-01;36182
1398;2264;1953;2025-04-30;28227
1399;374;1954;2025-05-15;26321
1400;743;1955;2025-04-23;30308
1401;659;1956;2025-05-18;13541
1402;457;1958;2025-05-07;32447
1403;158;1959;2025-05-09;14627
1404;106;1960;2025-05-16;8366
1405;2687;1961;2025-04-19;28680
1406;2800;1962;2025-05-01;15073
1407;321;1963;2025-05-01;34246
1408;782;1964;2025-04-21;27645
1409;1488;1965;2025-05-08;13897
1410;2341;1966;2025-05-07;44181
1411;2476;1967;2025-05-03;47498
1412;1328;1968;2025-04-20;20940
1413;1896;1971;2025-05-16;27216
1414;2852;1972;2025-05-02;25741
1415;2643;1973;2025-04-23;35674
1416;1250;1974;2025-05-16;2610
1417;1476;1975;2025-05-16;41206
1418;848;1978;2025-04-26;11471
1419;2046;1981;2025-05-13;20083
1420;2385;1983;2025-04-30;16809
1421;1948;1985;2025-05-04;36911
1422;1128;1986;2025-05-11;15974
1423;1199;1987;2025-04-29;48947
1424;713;1988;2025-04-22;16193
1425;767;1990;2025-04-26;32834
1426;2664;1991;2025-04-30;19568
1427;2536;1992;2025-04-26;45580
1428;973;1993;2025-04-19;23555
1429;2020;1995;2025-04-29;45259
1430;2702;1996;2025-05-11;19393
1431;2987;1998;2025-04-29;5470
1432;381;1999;2025-05-07;23928
1433;1637;2000;2025-05-10;27681
1434;982;2001;2025-04-18;40902
1435;1392;2002;2025-04-22;11818
1436;2237;2003;2025-04-18;33758
1437;2373;2005;2025-04-24;18638
1438;129;2006;2025-04-25;49951
1439;2425;2007;2025-05-05;4117
1440;2268;2008;2025-04-30;25322
1441;2674;2010;2025-05-17;12699
1442;675;2011;2025-05-01;40484
1443;1139;2012;2025-04-18;20923
1444;1051;2014;2025-05-17;39497
1445;953;2016;2025-04-27;22850
1446;68;2018;2025-04-29;30645
1447;1939;2019;2025-04-29;47897
1448;747;2021;2025-05-12;25937
1449;667;2022;2025-05-18;18574
1450;2776;2023;2025-05-06;6933
1451;468;2026;2025-05-04;26640
1452;165;2027;2025-04-29;41630
1453;316;2028;2025-05-15;16729
1454;1679;2029;2025-05-08;18832
1455;736;2030;2025-05-18;9022
1456;2127;2031;2025-05-13;26867
1457;1196;2032;2025-05-08;48988
1458;388;2033;2025-04-23;13260
1459;1819;2034;2025-04-29;10599
1460;2166;2035;2025-05-15;16604
1461;25;2037;2025-05-14;16603
1462;925;2039;2025-04-27;18697
1463;1891;2041;2025-05-18;35659
1464;285;2046;2025-05-03;6974
1465;2212;2048;2025-04-30;48248
1466;944;2050;2025-05-06;18995
1467;877;2051;2025-04-25;49236
1468;2209;2052;2025-05-01;25124
1469;50;2054;2025-05-13;43529
1470;236;2055;2025-04-20;24166
1471;470;2057;2025-05-03;19855
1472;2383;2059;2025-04-18;21051
1473;1206;2061;2025-04-24;21747
1474;909;2062;2025-05-09;49339
1475;2582;2063;2025-05-06;42240
1476;2987;2064;2025-05-10;20559
1477;1632;2066;2025-05-11;44458
1478;882;2067;2025-05-14;39061
1479;493;2069;2025-05-10;9871
1480;1426;2070;2025-05-16;7696
1481;1982;2071;2025-05-02;6143
1482;1194;2072;2025-05-12;39320
1483;2960;2073;2025-05-08;17114
1484;1819;2076;2025-05-08;43437
1485;786;2077;2025-05-17;18599
1486;1384;2078;2025-05-14;2791
1487;869;2079;2025-05-05;9456
1488;1262;2080;2025-05-12;24420
1489;2845;2081;2025-05-11;7655
1490;1964;2082;2025-04-29;7072
1491;220;2084;2025-04-20;44136
1492;2052;2085;2025-05-17;43744
1493;1112;2086;2025-04-21;32467
1494;523;2087;2025-05-11;39764
1495;373;2088;2025-05-05;32459
1496;59;2089;2025-04-22;4139
1497;2408;2090;2025-05-18;25103
1498;2433;2091;2025-04-26;7534
1499;1641;2093;2025-04-20;25696
1500;1184;2095;2025-05-17;46130
1501;1086;2096;2025-05-18;25040
1502;1714;2098;2025-04-21;4038
1503;1502;2099;2025-04-30;12660
1504;452;2101;2025-04-25;25002
1505;1199;2102;2025-04-19;36460
1506;2026;2103;2025-05-09;10502
1507;30;2104;2025-05-10;18574
1508;1507;2105;2025-04-23;40680
1509;161;2109;2025-04-20;38333
1510;1359;2110;2025-04-22;41134
1511;344;2113;2025-05-02;40838
1512;2467;2114;2025-04-29;30389
1513;2033;2115;2025-04-27;34218
1514;258;2116;2025-05-06;43123
1515;1135;2117;2025-05-18;37423
1516;1342;2118;2025-04-28;41850
1517;1642;2119;2025-04-19;38692
1518;323;2120;2025-04-18;3623
1519;1593;2121;2025-05-01;21203
1520;2730;2122;2025-04-22;6685
1521;1788;2124;2025-04-21;46967
1522;856;2126;2025-04-19;37745
1523;1067;2127;2025-04-27;38120
1524;2283;2129;2025-05-06;49058
1525;1154;2132;2025-04-30;39799
1526;640;2134;2025-05-13;24951
1527;2854;2135;2025-04-29;31210
1528;2717;2136;2025-04-19;24527
1529;2659;2137;2025-05-08;12149
1530;1597;2138;2025-05-12;49469
1531;2854;2139;2025-05-13;9162
1532;2379;2140;2025-04-29;13058
1533;551;2141;2025-04-25;9527
1534;532;2142;2025-05-09;3413
1535;2827;2145;2025-05-14;23620
1536;1577;2146;2025-05-04;33712
1537;1320;2147;2025-05-17;34223
1538;2752;2148;2025-04-26;10916
1539;1540;2150;2025-05-01;44765
1540;2190;2151;2025-05-14;32743
1541;6;2152;2025-05-04;16584
1542;767;2153;2025-05-05;2709
1543;2048;2154;2025-05-08;21176
1544;965;2155;2025-05-11;24414
1545;211;2156;2025-04-22;27555
1546;1626;2157;2025-05-16;13743
1547;1605;2159;2025-05-02;44200
1548;1448;2160;2025-05-13;5087
1549;72;2161;2025-04-23;16178
1550;1980;2162;2025-04-18;26147
1551;256;2163;2025-05-07;34845
1552;1830;2164;2025-05-13;48200
1553;43;2166;2025-04-21;6918
1554;2334;2167;2025-04-26;28246
1555;634;2168;2025-05-15;47836
1556;1095;2170;2025-05-01;19351
1557;2345;2171;2025-04-22;31288
1558;2719;2172;2025-04-18;24355
1559;559;2173;2025-04-24;13811
1560;1517;2174;2025-05-13;26310
1561;1565;2175;2025-04-30;49774
1562;1998;2176;2025-05-09;4882
1563;628;2177;2025-05-11;14999
1564;1639;2179;2025-05-08;42109
1565;2195;2180;2025-05-09;34288
1566;2112;2182;2025-05-16;17048
1567;2023;2186;2025-04-29;43349
1568;2790;2187;2025-05-01;25035
1569;929;2189;2025-05-03;14005
1570;1473;2190;2025-04-29;12017
1571;418;2191;2025-04-24;6067
1572;306;2192;2025-05-16;15220
1573;2963;2193;2025-05-07;31147
1574;916;2194;2025-04-26;6373
1575;325;2195;2025-04-19;48189
1576;856;2197;2025-05-07;21133
1577;1116;2199;2025-05-18;4367
1578;2475;2203;2025-05-12;12318
1579;796;2204;2025-05-13;22622
1580;703;2208;2025-05-14;22386
1581;846;2209;2025-05-13;34878
1582;1930;2212;2025-04-27;13115
1583;2020;2213;2025-04-21;38915
1584;2261;2214;2025-05-05;15664
1585;2524;2215;2025-04-20;47898
1586;2114;2219;2025-05-14;17706
1587;2929;2220;2025-05-10;15069
1588;2317;2222;2025-04-19;43400
1589;100;2223;2025-05-02;41507
1590;498;2225;2025-04-22;25441
1591;47;2227;2025-05-04;6694
1592;2884;2229;2025-04-27;15553
1593;168;2230;2025-05-14;30398
1594;1356;2231;2025-04-18;46902
1595;2351;2235;2025-05-04;15186
1596;2925;2236;2025-05-03;3314
1597;986;2237;2025-04-22;31743
1598;109;2238;2025-05-04;37073
1599;2867;2240;2025-05-11;2192
1600;1965;2241;2025-04-28;10682
1601;1807;2242;2025-05-04;31254
1602;808;2243;2025-04-30;28194
1603;2420;2244;2025-05-03;49300
1604;2186;2245;2025-05-09;45021
1605;1683;2247;2025-04-23;27810
1606;1541;2248;2025-04-26;14062
1607;2027;2253;2025-04-21;30784
1608;1132;2254;2025-04-29;2778
1609;2001;2255;2025-05-02;5440
1610;434;2256;2025-05-15;27071
1611;1033;2257;2025-05-08;7641
1612;2070;2259;2025-05-02;11931
1613;2118;2260;2025-05-18;14448
1614;1594;2261;2025-05-07;2354
1615;1598;2262;2025-05-14;21359
1616;956;2264;2025-04-20;35739
1617;84;2265;2025-05-14;45207
1618;491;2267;2025-05-03;32347
1619;1929;2270;2025-04-24;34753
1620;1388;2271;2025-05-07;27119
1621;1879;2272;2025-05-17;33238
1622;2295;2273;2025-05-12;42314
1623;2126;2278;2025-05-02;3869
1624;2920;2280;2025-05-07;11264
1625;1436;2281;2025-05-02;44663
1626;1424;2285;2025-04-20;9958
1627;2021;2287;2025-04-28;27155
1628;2443;2289;2025-05-01;43443
1629;1186;2290;2025-05-15;23375
1630;1581;2291;2025-04-20;41698
1631;2301;2293;2025-05-10;40217
1632;2397;2296;2025-05-11;43955
1633;1552;2297;2025-05-06;27798
1634;2057;2298;2025-04-30;32360
1635;2461;2299;2025-05-18;41081
1636;967;2301;2025-04-25;38355
1637;878;2302;2025-04-30;34088
1638;51;2303;2025-04-27;31600
1639;1062;2304;2025-04-21;10071
1640;898;2305;2025-04-22;33353
1641;483;2306;2025-05-06;24539
1642;1257;2307;2025-04-30;3007
1643;2997;2309;2025-04-27;35405
1644;2395;2311;2025-05-01;5672
1645;991;2312;2025-05-08;36954
1646;1892;2313;2025-04-18;25737
1647;668;2314;2025-05-13;19298
1648;296;2315;2025-05-17;29699
1649;1635;2316;2025-05-01;3431
1650;593;2317;2025-04-24;34668
1651;2703;2318;2025-05-05;43276
1652;564;2319;2025-05-12;47964
1653;1201;2320;2025-04-23;29459
1654;722;2321;2025-05-08;15851
1655;1460;2322;2025-05-05;45870
1656;1944;2324;2025-05-17;8469
1657;913;2325;2025-04-26;16239
1658;2136;2327;2025-04-24;2034
1659;2029;2328;2025-04-29;29271
1660;1332;2329;2025-05-17;4305
1661;653;2330;2025-05-16;4851
1662;2848;2331;2025-05-08;13424
1663;2833;2332;2025-04-26;35199
1664;326;2334;2025-05-04;7954
1665;2007;2336;2025-05-10;37713
1666;998;2338;2025-05-17;13650
1667;975;2339;2025-05-14;14217
1668;335;2342;2025-04-28;37221
1669;1210;2343;2025-04-26;18111
1670;2804;2344;2025-05-18;35299
1671;320;2347;2025-04-18;6272
1672;1778;2348;2025-05-13;29739
1673;943;2351;2025-04-20;25950
1674;2878;2352;2025-04-21;33748
1675;771;2355;2025-05-02;41507
1676;907;2356;2025-04-30;49279
1677;1738;2358;2025-05-13;2207
1678;1956;2359;2025-05-13;14529
1679;2157;2360;2025-04-21;21328
1680;1704;2361;2025-04-19;3767
1681;1038;2363;2025-05-07;29953
1682;1837;2364;2025-05-03;8954
1683;1561;2365;2025-05-04;27442
1684;545;2366;2025-05-04;5665
1685;1072;2368;2025-05-02;37450
1686;595;2369;2025-05-15;42020
1687;886;2371;2025-04-25;47466
1688;2785;2372;2025-04-26;2808
1689;739;2373;2025-04-23;19296
1690;2315;2375;2025-05-09;11404
1691;1446;2376;2025-05-10;27881
1692;2774;2377;2025-04-27;29873
1693;1158;2379;2025-05-18;43646
1694;446;2380;2025-04-23;19984
1695;2902;2381;2025-05-08;14004
1696;1687;2383;2025-05-08;16762
1697;699;2385;2025-05-05;5168
1698;1910;2386;2025-05-09;41546
1699;2095;2387;2025-04-22;17953
1700;2728;2388;2025-05-05;33784
1701;2975;2389;2025-05-11;11498
1702;2130;2390;2025-05-11;36123
1703;432;2391;2025-04-26;45591
1704;2145;2392;2025-05-17;40349
1705;2635;2393;2025-05-05;4306
1706;1927;2394;2025-05-18;33192
1707;743;2396;2025-05-16;35059
1708;2974;2397;2025-05-10;31391
1709;1291;2399;2025-05-06;36740
1710;1161;2401;2025-05-14;36845
1711;2817;2404;2025-04-22;23888
1712;2020;2406;2025-04-20;16853
1713;933;2407;2025-04-27;24000
1714;561;2408;2025-05-15;42064
1715;287;2409;2025-04-21;19278
1716;1566;2410;2025-05-12;6574
1717;641;2411;2025-04-26;29648
1718;1267;2412;2025-04-24;6610
1719;1760;2413;2025-04-27;21389
1720;309;2414;2025-04-19;2465
1721;1222;2415;2025-05-18;38588
1722;1193;2417;2025-05-17;39151
1723;2268;2418;2025-04-19;19719
1724;1381;2419;2025-04-23;33704
1725;2984;2420;2025-04-24;43459
1726;1640;2421;2025-04-26;35206
1727;1139;2422;2025-05-09;24567
1728;1826;2424;2025-05-16;13673
1729;1508;2425;2025-05-02;2374
1730;1315;2426;2025-04-24;27102
1731;1185;2428;2025-05-04;44050
1732;1432;2431;2025-05-04;25391
1733;1250;2432;2025-05-03;42563
1734;1772;2433;2025-05-02;36838
1735;1059;2435;2025-05-02;29421
1736;2087;2436;2025-05-08;41790
1737;1217;2437;2025-05-12;27511
1738;1981;2438;2025-05-15;26640
1739;1118;2441;2025-05-06;9645
1740;1650;2442;2025-05-04;15765
1741;626;2444;2025-05-01;19238
1742;2084;2445;2025-05-11;47621
1743;1583;2446;2025-04-19;16453
1744;2565;2447;2025-04-28;6626
1745;1650;2448;2025-05-12;23739
1746;238;2449;2025-05-05;39460
1747;1598;2450;2025-05-18;45618
1748;876;2451;2025-04-29;5637
1749;1504;2452;2025-05-02;3288
1750;632;2453;2025-05-13;23234
1751;1669;2454;2025-04-20;32203
1752;655;2455;2025-05-03;37404
1753;2050;2456;2025-05-09;44844
1754;2405;2457;2025-04-27;7004
1755;477;2458;2025-05-12;11493
1756;281;2459;2025-04-21;3287
1757;2866;2460;2025-05-05;20999
1758;1019;2461;2025-04-24;31689
1759;141;2462;2025-05-07;8923
1760;339;2463;2025-05-16;21305
1761;317;2464;2025-04-20;7177
1762;166;2465;2025-05-07;3552
1763;1971;2467;2025-05-10;31587
1764;1178;2468;2025-04-21;18518
1765;1240;2469;2025-05-07;15372
1766;1454;2470;2025-04-29;31030
1767;1757;2471;2025-04-18;20214
1768;2237;2474;2025-04-30;44509
1769;414;2475;2025-05-15;13369
1770;2503;2476;2025-04-29;46041
1771;591;2477;2025-05-17;17966
1772;142;2478;2025-05-01;21118
1773;347;2480;2025-04-22;6887
1774;1560;2481;2025-04-23;12377
1775;2379;2482;2025-05-15;43400
1776;2505;2484;2025-04-22;22309
1777;1777;2486;2025-04-30;16087
1778;1184;2487;2025-05-15;22995
1779;1738;2488;2025-05-09;16137
1780;1174;2489;2025-04-23;3089
1781;2294;2490;2025-05-12;15617
1782;555;2491;2025-05-02;43503
1783;1300;2493;2025-05-02;49236
1784;1077;2494;2025-04-29;18496
1785;2701;2496;2025-04-26;31272
1786;692;2499;2025-05-12;20833
1787;2214;2500;2025-04-22;20153
1788;2438;2501;2025-05-18;7505
1789;2476;2502;2025-04-25;22443
1790;2562;2503;2025-04-18;36041
1791;2208;2504;2025-05-04;45723
1792;1691;2507;2025-04-26;22295
1793;701;2508;2025-05-07;34860
1794;1477;2509;2025-05-09;21057
1795;7;2511;2025-05-09;37056
1796;1300;2515;2025-05-06;37926
1797;1956;2516;2025-04-29;41535
1798;2433;2519;2025-05-14;17175
1799;1388;2521;2025-05-03;43512
1800;1277;2522;2025-05-10;49790
1801;572;2523;2025-05-10;38847
1802;2295;2525;2025-04-19;37288
1803;2828;2527;2025-05-13;49549
1804;213;2529;2025-05-02;47813
1805;1267;2531;2025-05-11;4724
1806;1084;2532;2025-05-08;37106
1807;2320;2533;2025-05-07;9643
1808;554;2534;2025-04-24;10848
1809;2448;2535;2025-05-06;29338
1810;2075;2536;2025-04-21;28486
1811;598;2538;2025-05-06;23985
1812;1491;2539;2025-05-12;13058
1813;467;2540;2025-04-20;35698
1814;2979;2541;2025-05-01;24607
1815;836;2542;2025-05-16;46883
1816;876;2544;2025-04-26;7438
1817;1998;2545;2025-05-15;43014
1818;1534;2546;2025-05-03;7852
1819;1245;2547;2025-05-17;18980
1820;2073;2548;2025-04-29;46052
1821;2298;2549;2025-04-29;42002
1822;1241;2553;2025-05-10;48358
1823;2256;2556;2025-05-03;14161
1824;1370;2559;2025-05-01;42233
1825;2990;2560;2025-05-04;6127
1826;2455;2561;2025-05-12;26975
1827;739;2562;2025-05-16;19313
1828;2382;2563;2025-05-07;26460
1829;2525;2564;2025-04-30;4405
1830;2234;2565;2025-05-16;20352
1831;1426;2566;2025-05-09;23984
1832;1328;2567;2025-04-30;22077
1833;2527;2569;2025-05-12;7779
1834;1288;2570;2025-04-29;28822
1835;620;2571;2025-04-24;19527
1836;1884;2573;2025-05-03;32513
1837;897;2574;2025-05-16;5242
1838;2361;2575;2025-04-27;6148
1839;227;2576;2025-04-24;42991
1840;1943;2577;2025-05-02;46061
1841;1431;2578;2025-05-07;34464
1842;2371;2579;2025-05-02;12635
1843;1010;2581;2025-04-25;34989
1844;917;2582;2025-04-29;7913
1845;659;2583;2025-04-25;37230
1846;610;2585;2025-04-19;40386
1847;2216;2588;2025-05-13;4941
1848;2207;2591;2025-04-21;9069
1849;320;2592;2025-04-29;10194
1850;2773;2593;2025-04-23;4333
1851;610;2594;2025-05-18;22057
1852;2125;2595;2025-05-13;25439
1853;207;2596;2025-04-20;12614
1854;261;2597;2025-04-26;33979
1855;1105;2598;2025-04-20;47126
1856;2322;2599;2025-04-26;36544
1857;138;2602;2025-05-08;5665
1858;1726;2604;2025-05-04;38831
1859;53;2606;2025-05-05;48813
1860;1304;2607;2025-04-20;47548
1861;1651;2608;2025-05-06;40237
1862;2653;2609;2025-05-13;4208
1863;1368;2610;2025-04-18;30645
1864;2848;2611;2025-04-25;49233
1865;2351;2612;2025-05-14;39322
1866;71;2613;2025-05-10;14051
1867;1357;2614;2025-04-19;24607
1868;1915;2615;2025-05-04;24644
1869;268;2618;2025-05-03;39858
1870;25;2621;2025-05-09;49382
1871;2195;2622;2025-05-05;33509
1872;1224;2623;2025-05-12;10967
1873;738;2624;2025-04-18;13840
1874;1969;2625;2025-05-11;24479
1875;1148;2626;2025-04-20;12039
1876;1906;2628;2025-04-28;35666
1877;296;2629;2025-05-02;27156
1878;1092;2630;2025-05-13;7602
1879;605;2631;2025-04-28;23367
1880;13;2633;2025-05-16;17174
1881;1237;2634;2025-05-10;5331
1882;1734;2635;2025-05-01;30032
1883;2140;2636;2025-04-26;5272
1884;218;2637;2025-05-17;14161
1885;1486;2638;2025-05-04;2050
1886;305;2639;2025-05-03;5628
1887;1413;2640;2025-04-27;27573
1888;1000;2641;2025-04-20;16094
1889;1863;2642;2025-04-20;25906
1890;1180;2643;2025-04-29;49487
1891;1541;2644;2025-04-28;3716
1892;2443;2645;2025-04-20;44690
1893;2697;2647;2025-05-01;33216
1894;1267;2648;2025-04-28;40854
1895;514;2649;2025-05-16;27749
1896;2008;2650;2025-04-24;4203
1897;2756;2651;2025-05-06;15764
1898;853;2652;2025-04-30;10429
1899;2409;2653;2025-05-12;20466
1900;1826;2654;2025-05-05;11612
1901;621;2655;2025-05-14;39062
1902;659;2656;2025-04-21;17787
1903;300;2657;2025-05-10;33800
1904;2429;2658;2025-04-28;29727
1905;1971;2659;2025-04-27;2006
1906;385;2661;2025-05-15;29514
1907;2362;2662;2025-04-28;22747
1908;965;2663;2025-04-27;13691
1909;469;2664;2025-05-11;41109
1910;580;2665;2025-05-18;6465
1911;1893;2669;2025-04-20;37717
1912;2729;2670;2025-05-08;41929
1913;2682;2671;2025-04-28;36466
1914;992;2672;2025-05-05;42891
1915;1546;2674;2025-04-24;30720
1916;2252;2675;2025-04-26;35930
1917;1756;2676;2025-05-02;22254
1918;2580;2677;2025-04-21;32253
1919;631;2678;2025-05-02;46185
1920;1042;2679;2025-05-17;5100
1921;647;2680;2025-05-04;39466
1922;1676;2681;2025-04-30;10782
1923;237;2683;2025-05-05;20224
1924;2842;2685;2025-04-29;16886
1925;1302;2686;2025-05-16;19959
1926;2661;2687;2025-05-05;14140
1927;2724;2691;2025-05-07;27250
1928;2515;2692;2025-05-09;27181
1929;1265;2693;2025-04-21;38644
1930;2636;2694;2025-05-05;27163
1931;2782;2695;2025-05-01;32630
1932;244;2696;2025-05-03;48831
1933;2843;2698;2025-04-19;47971
1934;1845;2701;2025-05-04;36657
1935;2817;2703;2025-04-29;40431
1936;2628;2705;2025-05-09;47254
1937;1974;2706;2025-05-17;32928
1938;1028;2707;2025-05-03;2610
1939;827;2708;2025-05-14;26043
1940;1008;2709;2025-04-28;19103
1941;1410;2711;2025-04-30;10359
1942;552;2712;2025-05-09;18451
1943;78;2716;2025-05-09;17789
1944;2621;2717;2025-05-18;45298
1945;343;2719;2025-05-11;3242
1946;2233;2720;2025-04-19;3673
1947;2967;2722;2025-05-05;18306
1948;807;2723;2025-04-24;15124
1949;597;2724;2025-05-10;30712
1950;1579;2725;2025-04-23;48529
1951;2935;2726;2025-04-20;10518
1952;1357;2728;2025-04-25;44090
1953;2851;2731;2025-05-08;24127
1954;2962;2732;2025-05-12;15488
1955;712;2733;2025-05-08;28578
1956;1431;2734;2025-05-12;47711
1957;930;2735;2025-04-19;17844
1958;2586;2737;2025-05-15;29951
1959;1128;2738;2025-05-07;23315
1960;2198;2740;2025-04-18;42041
1961;1308;2741;2025-05-18;34785
1962;2181;2742;2025-04-25;21053
1963;851;2743;2025-05-10;8171
1964;1504;2744;2025-04-22;30206
1965;892;2747;2025-05-10;22078
1966;2247;2748;2025-05-02;32364
1967;2835;2749;2025-04-25;37546
1968;1293;2750;2025-04-19;43762
1969;2192;2751;2025-05-05;19019
1970;2837;2752;2025-05-02;22655
1971;1846;2754;2025-05-07;43922
1972;24;2755;2025-05-03;42178
1973;2906;2756;2025-04-20;45476
1974;2690;2759;2025-05-06;10117
1975;205;2760;2025-05-03;36893
1976;908;2761;2025-05-10;8826
1977;453;2762;2025-04-29;18009
1978;767;2763;2025-05-01;13824
1979;1529;2764;2025-05-11;20484
1980;41;2765;2025-05-09;46104
1981;1841;2766;2025-04-20;29604
1982;2046;2767;2025-04-20;31232
1983;978;2768;2025-05-04;27456
1984;2775;2769;2025-04-19;15993
1985;1670;2770;2025-04-19;4018
1986;1564;2772;2025-05-13;27725
1987;1467;2773;2025-04-27;2264
1988;1256;2774;2025-04-28;7305
1989;1533;2775;2025-04-21;18018
1990;558;2776;2025-04-23;29238
1991;2626;2777;2025-05-08;40034
1992;2474;2783;2025-05-08;5799
1993;825;2785;2025-05-17;8672
1994;574;2786;2025-04-23;13776
1995;409;2787;2025-04-28;19442
1996;2060;2789;2025-05-14;24063
1997;631;2791;2025-05-01;32809
1998;737;2792;2025-05-09;27199
1999;486;2793;2025-05-09;20570
2000;325;2794;2025-04-29;14151
2001;1095;2796;2025-05-01;44467
2002;560;2797;2025-05-18;43377
2003;1856;2799;2025-05-01;39188
2004;404;2800;2025-05-17;34354
2005;71;2802;2025-04-20;7842
2006;2983;2803;2025-04-20;24188
2007;1717;2804;2025-05-02;28176
2008;776;2805;2025-04-29;31831
2009;1035;2807;2025-05-18;16709
2010;1358;2808;2025-05-14;20849
2011;1192;2809;2025-05-02;38671
2012;1102;2810;2025-05-16;20700
2013;398;2811;2025-05-03;19778
2014;1110;2814;2025-05-18;23069
2015;1893;2816;2025-05-18;45356
2016;275;2817;2025-05-02;32938
2017;55;2818;2025-05-14;18837
2018;517;2819;2025-05-04;27989
2019;1232;2820;2025-04-30;7686
2020;295;2821;2025-04-20;29840
2021;499;2822;2025-04-29;30054
2022;739;2823;2025-04-20;29014
2023;2133;2824;2025-05-11;41959
2024;597;2825;2025-04-21;34316
2025;1630;2826;2025-04-24;6673
2026;1998;2828;2025-04-30;16654
2027;2026;2829;2025-05-08;5471
2028;769;2830;2025-04-18;42944
2029;172;2832;2025-05-15;38082
2030;1272;2833;2025-04-23;44498
2031;1073;2834;2025-05-09;2450
2032;1568;2835;2025-04-24;7623
2033;1299;2836;2025-04-23;7653
2034;1584;2837;2025-04-18;17453
2035;1377;2838;2025-04-20;30201
2036;946;2839;2025-04-25;27844
2037;2029;2840;2025-05-09;27197
2038;2295;2842;2025-04-23;43823
2039;2242;2843;2025-04-21;37336
2040;649;2845;2025-04-23;34381
2041;1159;2846;2025-05-10;45129
2042;310;2847;2025-05-04;33007
2043;2381;2848;2025-04-19;30952
2044;1820;2849;2025-04-19;15511
2045;2917;2852;2025-05-07;33104
2046;1472;2853;2025-05-08;6828
2047;749;2854;2025-05-10;12059
2048;1782;2857;2025-04-22;14840
2049;912;2858;2025-05-03;16705
2050;1081;2859;2025-05-01;27225
2051;372;2860;2025-04-26;27863
2052;2597;2862;2025-04-26;22931
2053;2519;2863;2025-05-13;8628
2054;2675;2864;2025-05-06;4746
2055;750;2866;2025-05-06;5791
2056;645;2867;2025-05-17;44879
2057;1574;2868;2025-04-20;40515
2058;1035;2872;2025-05-02;16889
2059;2327;2873;2025-04-18;30502
2060;2756;2874;2025-05-18;18802
2061;2852;2875;2025-04-25;29454
2062;666;2876;2025-05-14;40852
2063;2187;2877;2025-04-20;16453
2064;207;2878;2025-05-17;28955
2065;1032;2879;2025-04-22;35218
2066;1991;2880;2025-04-22;29908
2067;234;2883;2025-05-01;3821
2068;43;2884;2025-05-17;8174
2069;901;2885;2025-05-06;46455
2070;1654;2886;2025-05-09;15295
2071;1267;2887;2025-05-13;36758
2072;2306;2888;2025-05-10;6546
2073;402;2889;2025-05-04;44575
2074;157;2890;2025-04-27;29242
2075;864;2892;2025-04-23;20284
2076;464;2893;2025-05-09;40512
2077;2828;2894;2025-04-23;4772
2078;1308;2895;2025-04-25;48137
2079;1319;2896;2025-04-28;43172
2080;589;2897;2025-05-06;11193
2081;2696;2898;2025-05-15;46164
2082;168;2900;2025-04-19;17968
2083;2469;2901;2025-05-11;37832
2084;1983;2902;2025-05-13;11603
2085;477;2903;2025-05-03;22842
2086;2481;2906;2025-05-12;38627
2087;2507;2908;2025-04-19;12468
2088;2881;2909;2025-04-24;38795
2089;307;2910;2025-05-08;5408
2090;900;2913;2025-05-02;15368
2091;966;2914;2025-05-15;27230
2092;2987;2915;2025-05-05;7891
2093;1104;2916;2025-04-18;46671
2094;1391;2920;2025-04-21;37061
2095;2790;2922;2025-04-25;18919
2096;549;2923;2025-05-10;39540
2097;402;2925;2025-04-27;45139
2098;2196;2926;2025-04-19;5030
2099;968;2927;2025-05-01;31311
2100;2224;2928;2025-05-05;30908
2101;1944;2929;2025-05-08;7249
2102;1504;2932;2025-05-07;14802
2103;1857;2933;2025-04-26;42617
2104;66;2934;2025-05-02;3953
2105;377;2935;2025-05-03;48018
2106;577;2937;2025-05-13;8848
2107;846;2940;2025-05-03;17831
2108;1434;2941;2025-04-24;28745
2109;2344;2942;2025-04-24;3576
2110;178;2943;2025-04-22;34482
2111;2729;2944;2025-04-28;27602
2112;1681;2945;2025-05-13;13565
2113;1685;2946;2025-05-13;3897
2114;838;2948;2025-05-10;6256
2115;1874;2950;2025-04-26;2436
2116;1614;2952;2025-05-18;13421
2117;95;2953;2025-04-21;24345
2118;2666;2954;2025-05-05;49607
2119;1068;2955;2025-05-13;44014
2120;1464;2957;2025-05-18;39091
2121;1337;2958;2025-05-11;16533
2122;1206;2959;2025-04-19;39307
2123;2960;2960;2025-04-26;28458
2124;1690;2961;2025-05-06;22947
2125;2085;2963;2025-05-04;40109
2126;2894;2965;2025-05-07;32660
2127;877;2966;2025-05-06;40358
2128;2876;2970;2025-05-06;7675
2129;2006;2971;2025-05-15;4758
2130;1023;2972;2025-05-07;44797
2131;64;2973;2025-04-25;10631
2132;1329;2977;2025-04-24;49168
2133;69;2978;2025-05-17;19268
2134;1428;2980;2025-04-25;25639
2135;2457;2982;2025-05-01;38513
2136;621;2983;2025-05-13;4740
2137;923;2985;2025-04-23;48123
2138;1100;2986;2025-05-16;15202
2139;2588;2987;2025-05-14;19892
2140;1985;2988;2025-05-04;29965
2141;1596;2989;2025-05-12;27724
2142;913;2991;2025-05-13;23465
2143;1524;2993;2025-05-07;47238
2144;2694;2994;2025-05-15;47305
2145;1851;2995;2025-05-07;12537
2146;623;2996;2025-04-22;47309
2147;2865;2997;2025-04-26;11636
2148;120;2998;2025-05-11;41771
2149;56;3000;2025-05-13;43640
2150;941;3001;2025-04-25;8500
2151;2572;3002;2025-04-19;45016
2152;726;3003;2025-05-01;2491
2153;1237;3004;2025-05-16;29462
2154;2000;3006;2025-04-25;19688
2155;1644;3008;2025-05-16;18674
2156;1883;3009;2025-05-14;7147
2157;2192;3010;2025-04-18;27740
2158;1196;3011;2025-05-14;42146
2159;444;3012;2025-04-29;42111
2160;2916;3013;2025-05-09;23424
2161;665;3014;2025-05-14;43423
2162;1935;3015;2025-04-21;43207
2163;2568;3016;2025-04-22;44004
2164;1411;3017;2025-04-28;49208
2165;1370;3022;2025-05-05;40387
2166;1377;3023;2025-05-05;24780
2167;2097;3024;2025-04-30;40174
2168;1356;3026;2025-04-19;3872
2169;2636;3027;2025-04-19;36762
2170;2787;3028;2025-05-06;7990
2171;144;3029;2025-04-24;26457
2172;2465;3030;2025-05-11;45758
2173;1135;3031;2025-04-18;2379
2174;2794;3034;2025-04-28;20312
2175;2865;3035;2025-04-20;30095
2176;1161;3036;2025-05-02;34749
2177;945;3037;2025-04-20;30527
2178;1658;3038;2025-04-21;36653
2179;2400;3039;2025-04-27;35894
2180;1136;3040;2025-04-21;22907
2181;1447;3042;2025-04-29;14002
2182;26;3043;2025-05-03;44655
2183;1114;3044;2025-04-20;47883
2184;2166;3045;2025-05-08;2689
2185;2989;3046;2025-05-12;42408
2186;1187;3048;2025-04-24;13841
2187;1182;3049;2025-05-08;9331
2188;1806;3050;2025-04-25;42263
2189;627;3051;2025-05-17;24867
2190;2264;3052;2025-05-14;26215
2191;461;3055;2025-04-23;6813
2192;957;3056;2025-05-03;30214
2193;1348;3059;2025-04-20;14526
2194;2677;3060;2025-04-25;9984
2195;170;3061;2025-05-03;20275
2196;2470;3062;2025-05-06;14082
2197;1640;3063;2025-04-29;45854
2198;779;3065;2025-04-29;7838
2199;1817;3066;2025-05-11;27891
2200;992;3067;2025-05-04;48094
2201;1096;3068;2025-05-14;24052
2202;1576;3069;2025-05-15;41666
2203;1354;3070;2025-05-11;18723
2204;685;3071;2025-05-01;30143
2205;2260;3072;2025-04-30;27491
2206;2269;3073;2025-04-29;24390
2207;2165;3074;2025-05-16;22983
2208;2513;3076;2025-04-22;13070
2209;933;3078;2025-04-20;37573
2210;757;3079;2025-05-05;41419
2211;2995;3080;2025-05-07;22934
2212;1919;3083;2025-05-03;30649
2213;1631;3085;2025-05-01;6898
2214;2672;3086;2025-05-04;23798
2215;577;3088;2025-05-15;35570
2216;412;3089;2025-05-11;6031
2217;459;3090;2025-04-24;42391
2218;2640;3092;2025-04-30;6172
2219;59;3093;2025-05-06;5546
2220;2144;3094;2025-04-23;38050
2221;2445;3096;2025-04-28;38793
2222;939;3098;2025-04-23;6702
2223;567;3099;2025-04-25;44267
2224;1434;3100;2025-04-30;13756
2225;1177;3102;2025-04-18;34290
2226;2299;3103;2025-05-14;24472
2227;1794;3107;2025-05-15;27269
2228;39;3110;2025-04-25;23831
2229;809;3111;2025-04-26;22334
2230;2338;3112;2025-04-30;6851
2231;2349;3114;2025-04-20;10686
2232;1148;3115;2025-05-17;8742
2233;2669;3116;2025-05-03;3128
2234;1440;3117;2025-04-29;31020
2235;1973;3118;2025-05-15;15818
2236;632;3120;2025-05-18;33582
2237;261;3121;2025-05-11;5413
2238;2722;3122;2025-05-04;30109
2239;1259;3123;2025-05-16;5916
2240;1172;3124;2025-04-19;40186
2241;153;3125;2025-04-19;39745
2242;760;3126;2025-05-08;46741
2243;855;3127;2025-05-01;12557
2244;490;3128;2025-05-18;29267
2245;2742;3129;2025-04-25;25734
2246;167;3131;2025-05-16;17878
2247;65;3135;2025-04-23;28448
2248;701;3137;2025-04-27;38705
2249;613;3138;2025-05-14;4156
2250;1670;3139;2025-05-18;37404
2251;1335;3140;2025-05-08;13929
2252;585;3141;2025-04-22;22727
2253;1818;3145;2025-04-20;48779
2254;357;3146;2025-05-12;37184
2255;1770;3149;2025-04-28;11733
2256;271;3150;2025-04-20;8846
2257;540;3151;2025-04-30;10723
2258;233;3152;2025-04-21;6065
2259;2784;3153;2025-05-18;19513
2260;2158;3154;2025-05-14;3888
2261;1918;3155;2025-05-16;5619
2262;2269;3156;2025-04-27;40283
2263;269;3161;2025-05-09;29916
2264;1693;3162;2025-04-29;25059
2265;1727;3163;2025-04-18;5828
2266;1207;3166;2025-05-08;26040
2267;2737;3167;2025-04-29;18251
2268;2316;3168;2025-04-29;19491
2269;2931;3169;2025-05-12;38005
2270;2880;3171;2025-05-04;39399
2271;2812;3172;2025-05-10;46614
2272;2005;3173;2025-04-24;20817
2273;1648;3174;2025-04-23;40660
2274;116;3175;2025-04-27;33235
2275;67;3176;2025-05-04;20503
2276;851;3177;2025-05-05;49628
2277;1329;3178;2025-04-25;10599
2278;1601;3180;2025-04-18;6530
2279;1900;3181;2025-05-03;23826
2280;2888;3183;2025-05-09;19639
2281;1740;3184;2025-05-09;33064
2282;1467;3185;2025-05-12;27804
2283;662;3186;2025-04-23;46175
2284;2621;3187;2025-04-18;17009
2285;1664;3188;2025-05-15;18347
2286;153;3191;2025-04-22;23443
2287;916;3193;2025-05-03;38922
2288;1141;3194;2025-05-08;48931
2289;297;3197;2025-05-16;6916
2290;2847;3199;2025-05-03;42279
2291;1392;3200;2025-05-04;39756
2292;2965;3202;2025-05-04;44863
2293;2721;3204;2025-05-09;45834
2294;581;3205;2025-04-24;20417
2295;1168;3206;2025-05-07;30432
2296;1923;3207;2025-05-11;37401
2297;960;3209;2025-05-07;48984
2298;2961;3210;2025-05-03;37984
2299;2023;3211;2025-05-06;40884
2300;2700;3213;2025-05-16;47601
2301;2940;3215;2025-05-08;47624
2302;2139;3216;2025-05-18;43964
2303;19;3217;2025-05-02;5552
2304;2910;3219;2025-05-13;41812
2305;2460;3220;2025-04-25;19757
2306;1269;3222;2025-05-13;17132
2307;1563;3223;2025-04-21;38740
2308;2785;3224;2025-05-10;42522
2309;788;3226;2025-05-16;19278
2310;2367;3229;2025-04-30;18655
2311;1179;3231;2025-05-08;18632
2312;1185;3232;2025-05-18;42776
2313;594;3234;2025-04-18;3856
2314;711;3235;2025-04-24;43962
2315;2064;3236;2025-04-28;6422
2316;1270;3237;2025-05-09;34479
2317;2984;3238;2025-05-06;17782
2318;2290;3239;2025-04-21;17010
2319;278;3240;2025-04-24;16215
2320;1643;3241;2025-04-21;34887
2321;675;3242;2025-05-05;47728
2322;1396;3243;2025-04-19;46120
2323;986;3244;2025-05-03;26411
2324;690;3248;2025-05-11;43042
2325;617;3250;2025-04-25;42117
2326;1535;3251;2025-05-09;23748
2327;2754;3252;2025-05-15;19884
2328;2953;3254;2025-04-23;32567
2329;130;3255;2025-04-24;5905
2330;2025;3256;2025-05-04;4931
2331;529;3257;2025-05-17;29059
2332;1519;3258;2025-05-07;31257
2333;2394;3259;2025-05-16;24204
2334;2488;3262;2025-05-01;28498
2335;2732;3263;2025-04-30;35660
2336;1106;3265;2025-05-09;20411
2337;2693;3266;2025-04-19;12888
2338;2958;3267;2025-05-16;27632
2339;2588;3268;2025-05-04;5045
2340;469;3270;2025-05-06;22791
2341;47;3271;2025-04-20;45592
2342;987;3272;2025-05-14;36245
2343;1781;3275;2025-05-01;21955
2344;1158;3277;2025-05-17;33879
2345;1273;3280;2025-05-03;37315
2346;2205;3281;2025-05-06;26184
2347;1420;3282;2025-05-12;28964
2348;2488;3283;2025-05-06;26111
2349;1352;3285;2025-05-02;20933
2350;1249;3286;2025-05-12;2486
2351;566;3287;2025-04-29;28239
2352;312;3289;2025-05-09;44216
2353;1117;3290;2025-05-17;33284
2354;2945;3291;2025-04-23;43801
2355;1926;3292;2025-04-23;13556
2356;1378;3293;2025-05-09;42857
2357;384;3294;2025-04-28;4608
2358;1891;3296;2025-05-03;43614
2359;181;3297;2025-05-10;42750
2360;485;3299;2025-05-04;32488
2361;536;3301;2025-05-11;8617
2362;2791;3302;2025-04-24;10012
2363;2580;3304;2025-04-21;10090
2364;1401;3309;2025-05-17;8946
2365;482;3310;2025-04-20;36940
2366;2163;3311;2025-05-16;2153
2367;1566;3312;2025-04-23;11896
2368;162;3313;2025-05-08;28055
2369;1778;3314;2025-05-13;7308
2370;2787;3315;2025-04-25;46154
2371;2732;3316;2025-05-01;14160
2372;2144;3317;2025-04-24;37250
2373;46;3318;2025-05-17;36820
2374;1290;3319;2025-04-28;9777
2375;1530;3320;2025-04-21;42266
2376;812;3322;2025-05-11;21115
2377;690;3323;2025-04-26;37473
2378;2727;3324;2025-05-06;40604
2379;2514;3325;2025-04-19;31295
2380;2051;3326;2025-05-18;10647
2381;1746;3328;2025-04-26;30021
2382;2920;3331;2025-05-17;14959
2383;1870;3332;2025-04-30;38330
2384;2047;3333;2025-04-27;38471
2385;720;3334;2025-05-05;37576
2386;2678;3335;2025-05-02;38580
2387;912;3337;2025-05-15;32230
2388;717;3338;2025-05-15;39113
2389;744;3340;2025-05-04;45385
2390;1896;3341;2025-05-09;43913
2391;38;3342;2025-05-13;33858
2392;2280;3344;2025-05-04;29597
2393;72;3345;2025-05-11;26388
2394;2237;3346;2025-05-18;3498
2395;1171;3348;2025-04-23;7605
2396;209;3349;2025-05-11;8317
2397;2043;3350;2025-04-28;20688
2398;384;3352;2025-05-01;18021
2399;2484;3353;2025-05-08;26981
2400;3;3355;2025-05-09;26414
2401;2826;3356;2025-04-20;41182
2402;1490;3357;2025-04-27;2003
2403;1236;3358;2025-04-20;35933
2404;2288;3359;2025-05-13;41108
2405;2146;3361;2025-05-02;36076
2406;189;3362;2025-05-09;27669
2407;598;3365;2025-05-15;31193
2408;942;3366;2025-05-15;20015
2409;1061;3368;2025-05-17;23922
2410;365;3369;2025-05-06;16817
2411;850;3371;2025-04-21;49610
2412;699;3373;2025-05-08;44792
2413;1994;3375;2025-05-13;10221
2414;13;3378;2025-04-24;21559
2415;1726;3380;2025-05-16;49609
2416;899;3381;2025-04-24;10918
2417;1228;3385;2025-05-18;32309
2418;2261;3386;2025-04-24;17429
2419;187;3388;2025-05-13;46167
2420;1259;3389;2025-05-17;13903
2421;2348;3390;2025-04-18;40748
2422;2278;3391;2025-05-06;44515
2423;1786;3393;2025-05-14;45512
2424;1404;3395;2025-04-28;10192
2425;1764;3396;2025-04-26;8715
2426;16;3399;2025-05-01;38315
2427;473;3400;2025-05-02;7785
2428;1933;3404;2025-05-18;4445
2429;1580;3405;2025-04-21;13826
2430;497;3406;2025-04-28;44496
2431;2004;3407;2025-05-05;34346
2432;285;3408;2025-04-24;8739
2433;1369;3409;2025-05-02;11975
2434;2629;3411;2025-05-09;34208
2435;1939;3412;2025-05-07;45454
2436;1028;3415;2025-05-05;23700
2437;1213;3416;2025-05-15;18167
2438;2060;3418;2025-05-05;4227
2439;2641;3419;2025-04-21;13479
2440;2591;3420;2025-05-10;23666
2441;1555;3421;2025-05-11;49254
2442;2231;3422;2025-05-13;45026
2443;1680;3423;2025-05-15;40416
2444;1796;3424;2025-04-28;14817
2445;2655;3427;2025-05-10;10838
2446;1622;3428;2025-04-28;38283
2447;2309;3429;2025-04-23;15372
2448;2267;3430;2025-05-14;18873
2449;42;3431;2025-05-11;31325
2450;2277;3432;2025-05-17;17293
2451;1148;3433;2025-04-25;31872
2452;2417;3434;2025-05-08;17467
2453;2999;3435;2025-04-19;5467
2454;41;3436;2025-05-11;37332
2455;1542;3437;2025-05-02;48401
2456;1395;3438;2025-04-23;17364
2457;1799;3442;2025-04-19;18459
2458;338;3443;2025-05-13;33137
2459;1256;3446;2025-05-14;45145
2460;1081;3447;2025-05-08;14882
2461;2736;3449;2025-05-17;16160
2462;1044;3450;2025-05-13;38218
2463;1977;3451;2025-04-19;17919
2464;1987;3452;2025-04-26;10980
2465;1465;3453;2025-05-04;46440
2466;1087;3455;2025-05-02;14314
2467;997;3456;2025-04-27;32477
2468;120;3457;2025-04-19;45616
2469;2483;3459;2025-05-07;40279
2470;1806;3460;2025-05-17;49436
2471;1839;3463;2025-05-10;45994
2472;2020;3464;2025-05-01;38732
2473;2494;3465;2025-04-26;35713
2474;874;3466;2025-05-08;35301
2475;1986;3468;2025-05-18;2520
2476;1258;3470;2025-04-20;32563
2477;2118;3471;2025-05-09;18056
2478;383;3472;2025-05-17;14754
2479;543;3473;2025-04-28;26508
2480;1992;3475;2025-04-26;33064
2481;2115;3476;2025-04-26;15101
2482;1292;3479;2025-04-21;17956
2483;2901;3480;2025-04-30;40064
2484;2150;3482;2025-04-18;20177
2485;56;3483;2025-04-24;3608
2486;2605;3484;2025-04-30;8862
2487;553;3485;2025-04-21;47618
2488;649;3486;2025-04-26;22679
2489;2586;3487;2025-05-07;48976
2490;528;3488;2025-04-29;26639
2491;2556;3489;2025-04-24;38654
2492;2715;3490;2025-05-16;49040
2493;1186;3491;2025-05-05;38013
2494;125;3492;2025-05-05;35012
2495;2544;3493;2025-04-25;41633
2496;790;3494;2025-04-18;49928
2497;2491;3495;2025-05-14;46052
2498;1648;3496;2025-05-16;48639
2499;1545;3497;2025-05-12;37722
2500;2627;3498;2025-04-18;22503
2501;815;3499;2025-04-23;42888
2502;669;3502;2025-05-08;33307
2503;2495;3503;2025-04-19;47947
2504;1782;3504;2025-04-30;46192
2505;2327;3505;2025-05-16;48822
2506;226;3506;2025-05-14;41074
2507;1613;3507;2025-05-05;36718
2508;27;3508;2025-05-01;27561
2509;1521;3510;2025-05-05;27508
2510;2154;3511;2025-05-16;20764
2511;1131;3512;2025-05-12;28276
2512;2261;3513;2025-04-30;5018
2513;42;3514;2025-05-05;49988
2514;2293;3515;2025-05-05;43348
2515;1896;3516;2025-04-30;47401
2516;2321;3517;2025-05-08;5814
2517;1443;3519;2025-05-05;42069
2518;1456;3520;2025-05-08;27590
2519;2091;3521;2025-05-03;24677
2520;2974;3523;2025-04-19;27898
2521;1318;3524;2025-04-29;20814
2522;1872;3526;2025-05-08;38445
2523;1066;3527;2025-05-06;33801
2524;2718;3528;2025-04-29;17122
2525;1087;3529;2025-05-15;26210
2526;777;3530;2025-04-27;40035
2527;500;3531;2025-05-07;32003
2528;2985;3532;2025-04-27;31825
2529;2371;3533;2025-04-20;45382
2530;991;3535;2025-05-08;31219
2531;12;3537;2025-05-15;39318
2532;1757;3538;2025-04-28;4691
2533;2237;3539;2025-04-18;33986
2534;336;3541;2025-05-10;19067
2535;1914;3542;2025-04-21;35313
2536;1067;3543;2025-05-10;13405
2537;489;3544;2025-04-24;12516
2538;1975;3545;2025-04-27;4133
2539;1513;3546;2025-04-21;13873
2540;307;3547;2025-04-27;9833
2541;2967;3548;2025-04-30;49815
2542;974;3551;2025-05-07;47485
2543;2399;3555;2025-05-05;30364
2544;2116;3556;2025-05-05;23336
2545;37;3557;2025-04-29;24911
2546;2227;3559;2025-04-26;48695
2547;687;3562;2025-04-26;24658
2548;1903;3563;2025-05-18;23090
2549;1917;3564;2025-05-07;47921
2550;1317;3565;2025-05-14;42777
2551;646;3566;2025-05-15;48425
2552;2099;3567;2025-05-08;9230
2553;827;3568;2025-04-27;42869
2554;2553;3570;2025-05-15;47459
2555;452;3573;2025-05-04;40330
2556;2031;3576;2025-05-17;32521
2557;2580;3577;2025-04-25;7442
2558;69;3579;2025-05-14;35801
2559;1161;3580;2025-05-13;24322
2560;1292;3582;2025-05-13;39712
2561;2573;3583;2025-05-06;35677
2562;591;3584;2025-05-08;37940
2563;1324;3585;2025-05-08;9809
2564;578;3586;2025-04-26;47306
2565;1714;3587;2025-05-12;38542
2566;961;3588;2025-05-18;4413
2567;2850;3589;2025-05-08;24236
2568;2864;3590;2025-05-04;19887
2569;2416;3591;2025-05-03;33301
2570;2573;3592;2025-05-04;19405
2571;422;3593;2025-05-09;4623
2572;2;3595;2025-04-25;43408
2573;2422;3596;2025-05-17;48734
2574;630;3599;2025-05-07;33995
2575;2391;3600;2025-04-20;8592
2576;2271;3601;2025-05-09;46485
2577;2893;3602;2025-05-18;36024
2578;2282;3603;2025-04-29;36862
2579;684;3604;2025-05-15;43054
2580;2474;3605;2025-04-26;35366
2581;789;3606;2025-04-23;25090
2582;539;3607;2025-05-12;49601
2583;2885;3608;2025-04-29;34987
2584;2203;3610;2025-05-12;4512
2585;2673;3611;2025-05-03;21667
2586;951;3612;2025-04-24;22528
2587;2840;3613;2025-05-06;5569
2588;2542;3614;2025-05-11;39631
2589;1003;3615;2025-05-08;30840
2590;2995;3616;2025-04-27;47691
2591;2425;3617;2025-04-26;8847
2592;1147;3619;2025-05-05;10795
2593;1529;3621;2025-05-07;10693
2594;2829;3622;2025-04-20;49446
2595;2368;3623;2025-05-15;9590
2596;1657;3624;2025-04-21;8659
2597;1776;3625;2025-05-13;25437
2598;1860;3626;2025-05-10;2875
2599;47;3627;2025-05-17;31172
2600;1229;3628;2025-05-13;28229
2601;1159;3629;2025-05-17;42135
2602;2336;3630;2025-05-05;49697
2603;420;3631;2025-05-14;4241
2604;1688;3632;2025-05-03;26527
2605;1850;3634;2025-04-24;14524
2606;2830;3635;2025-04-29;8867
2607;737;3636;2025-04-24;41398
2608;1901;3638;2025-05-02;26889
2609;1337;3639;2025-05-16;36952
2610;866;3640;2025-05-08;37085
2611;1471;3641;2025-04-23;33365
2612;265;3642;2025-05-17;4512
2613;2976;3643;2025-04-24;39682
2614;1247;3644;2025-05-01;4657
2615;2561;3647;2025-05-02;5653
2616;810;3648;2025-04-26;20960
2617;2887;3649;2025-04-29;45855
2618;349;3650;2025-04-30;3020
2619;69;3651;2025-05-02;32119
2620;1034;3652;2025-04-29;45123
2621;2243;3655;2025-04-30;15517
2622;1971;3657;2025-05-03;24858
2623;598;3658;2025-04-21;9826
2624;1251;3660;2025-05-05;6308
2625;2940;3662;2025-05-16;13230
2626;1284;3664;2025-05-14;19315
2627;1398;3665;2025-05-04;4434
2628;776;3666;2025-04-26;20328
2629;2553;3667;2025-05-16;32995
2630;2855;3669;2025-05-06;34879
2631;2151;3671;2025-05-06;26997
2632;2711;3672;2025-05-10;32014
2633;2297;3674;2025-04-30;15467
2634;1026;3675;2025-04-24;37404
2635;1910;3676;2025-05-16;18401
2636;1523;3677;2025-04-18;47756
2637;2649;3678;2025-05-01;5080
2638;519;3679;2025-05-08;45803
2639;1177;3682;2025-04-23;42785
2640;1096;3683;2025-04-23;41453
2641;2280;3684;2025-04-23;8151
2642;560;3686;2025-04-23;27974
2643;1006;3687;2025-05-10;37571
2644;707;3688;2025-05-04;19351
2645;85;3690;2025-04-28;43885
2646;669;3691;2025-04-18;41417
2647;43;3692;2025-04-20;15642
2648;2592;3693;2025-04-26;29509
2649;1283;3694;2025-05-15;15673
2650;513;3695;2025-05-09;20072
2651;1951;3696;2025-04-20;22845
2652;18;3697;2025-05-12;21727
2653;1662;3698;2025-05-03;28280
2654;1471;3701;2025-05-02;44091
2655;2913;3702;2025-04-18;2865
2656;2332;3703;2025-04-28;6711
2657;1099;3705;2025-05-07;2523
2658;1119;3706;2025-05-03;15132
2659;479;3708;2025-05-09;10013
2660;1629;3709;2025-04-21;4011
2661;2091;3710;2025-04-26;26817
