1;2;2024-11-11 03:39:10;2025-05-19 14:38:28
2;4;2024-10-10 02:16:19;2025-05-19 03:45:09
3;2;2024-11-27 22:37:36;2025-05-19 18:39:56
4;1;2024-12-31 23:25:27;2025-05-19 08:57:03
5;4;2025-03-17 04:38:55;2025-05-19 02:51:22
6;1;2025-01-31 10:44:47;2025-05-19 21:08:48
7;1;2024-10-25 21:26:04;2025-05-19 15:51:33
8;1;2024-05-25 13:00:31;2025-05-19 19:38:24
9;1;2025-04-27 17:48:30;2025-05-19 07:51:20
10;2;2024-05-30 05:52:08;2025-05-19 17:33:13
11;4;2024-12-05 19:57:39;2025-05-19 22:56:17
12;1;2025-04-01 14:28:42;2025-05-19 16:54:40
13;2;2024-05-31 05:51:20;2025-05-19 03:25:58
14;3;2025-02-11 19:10:10;2025-05-19 02:31:41
15;3;2025-04-29 15:38:28;2025-05-19 04:11:30
16;3;2024-06-22 06:22:43;2025-05-19 04:14:43
17;2;2024-07-26 03:48:11;2025-05-19 07:09:48
18;4;2024-12-13 05:29:25;2025-05-19 10:55:05
19;2;2025-03-14 03:03:24;2025-05-19 21:12:42
20;4;2024-07-23 11:37:39;2025-05-19 07:49:26
21;1;2024-07-05 22:41:57;2025-05-19 23:10:12
22;3;2025-02-10 18:39:31;2025-05-19 14:19:02
23;1;2025-04-02 23:17:46;2025-05-19 09:16:22
24;1;2024-12-11 06:41:25;2025-05-19 04:47:04
25;1;2024-11-22 13:31:07;2025-05-19 20:48:53
26;3;2024-11-30 00:36:52;2025-05-19 07:42:47
27;4;2024-08-13 10:29:56;2025-05-19 01:39:32
28;4;2024-08-25 19:09:24;2025-05-19 11:29:11
29;2;2025-03-18 09:50:30;2025-05-19 08:36:30
30;3;2025-01-25 17:29:29;2025-05-19 08:10:28
31;3;2024-08-06 02:56:00;2025-05-19 09:36:24
32;4;2025-02-27 18:37:01;2025-05-19 07:52:13
33;3;2025-05-18 18:49:30;2025-05-19 18:19:22
34;4;2024-06-25 12:39:59;2025-05-19 03:41:50
35;1;2025-03-06 18:45:23;2025-05-19 18:31:05
36;4;2025-02-10 17:27:48;2025-05-19 10:08:30
37;1;2024-05-24 08:06:38;2025-05-19 09:20:36
38;1;2024-11-16 15:24:01;2025-05-19 18:21:56
39;2;2024-07-20 20:17:33;2025-05-19 08:13:28
40;3;2024-11-03 05:15:08;2025-05-19 19:34:44
41;2;2024-09-16 09:44:15;2025-05-19 11:47:32
42;1;2025-05-18 10:37:26;2025-05-19 19:58:03
43;4;2025-02-15 19:34:26;2025-05-19 08:22:46
44;3;2024-06-01 11:59:21;2025-05-19 15:38:49
45;1;2024-06-08 14:09:08;2025-05-19 04:09:31
46;4;2024-08-22 09:24:41;2025-05-19 08:26:01
47;4;2025-02-06 06:00:55;2025-05-19 12:20:35
48;3;2025-05-13 07:42:37;2025-05-19 03:27:06
49;3;2024-11-05 15:57:19;2025-05-19 14:28:00
50;4;2025-05-01 19:12:09;2025-05-19 14:55:17
51;3;2024-11-07 10:45:44;2025-05-19 20:11:37
52;3;2024-12-26 20:51:12;2025-05-19 01:39:39
53;3;2024-07-05 09:28:08;2025-05-19 14:22:16
54;4;2024-10-28 09:22:51;2025-05-19 02:56:45
55;2;2025-05-05 07:16:07;2025-05-19 09:39:50
56;2;2024-07-08 12:33:13;2025-05-19 19:49:01
57;3;2024-12-31 09:12:05;2025-05-19 20:00:52
58;1;2025-01-05 10:30:54;2025-05-19 22:13:07
59;1;2024-10-19 23:36:40;2025-05-19 11:30:18
60;2;2025-02-21 08:59:31;2025-05-19 00:41:32
61;1;2024-11-24 08:26:51;2025-05-19 23:05:29
62;3;2024-11-15 08:02:31;2025-05-19 16:27:20
63;2;2024-11-09 13:34:15;2025-05-19 07:45:27
64;1;2025-02-18 14:39:49;2025-05-19 05:48:20
65;4;2025-01-03 03:45:41;2025-05-19 07:00:39
66;3;2024-08-09 01:21:57;2025-05-19 13:29:02
67;1;2024-07-03 16:43:20;2025-05-19 03:08:08
68;3;2025-04-14 18:49:22;2025-05-19 09:47:30
69;4;2024-09-19 13:42:03;2025-05-19 03:08:25
70;1;2024-11-29 01:51:01;2025-05-19 02:55:58
71;3;2025-03-31 22:02:38;2025-05-19 06:58:28
72;1;2024-12-02 14:04:25;2025-05-19 19:28:53
73;4;2024-07-27 11:19:03;2025-05-19 04:19:57
74;3;2025-03-03 03:41:40;2025-05-19 13:00:46
75;1;2024-09-06 20:38:47;2025-05-19 06:06:18
76;3;2024-10-26 13:20:51;2025-05-19 22:47:51
77;4;2025-01-10 08:05:25;2025-05-19 21:33:16
78;4;2024-11-13 17:52:30;2025-05-19 08:32:23
79;1;2024-07-26 03:45:16;2025-05-19 04:14:57
80;1;2024-11-11 22:36:06;2025-05-19 13:21:35
81;3;2024-11-14 16:25:44;2025-05-19 20:46:06
82;4;2025-05-07 15:49:34;2025-05-19 05:28:47
83;3;2024-11-06 06:23:56;2025-05-19 13:25:33
84;1;2024-06-24 07:31:34;2025-05-19 01:04:20
85;3;2024-06-15 00:27:39;2025-05-19 16:52:36
86;2;2024-06-11 00:04:36;2025-05-19 14:16:12
87;3;2025-01-08 23:34:36;2025-05-19 00:14:49
88;2;2025-03-18 23:03:24;2025-05-19 03:15:34
89;1;2024-07-10 06:02:02;2025-05-19 08:16:09
90;4;2024-09-20 18:16:34;2025-05-19 20:00:49
91;3;2024-07-08 02:22:47;2025-05-19 08:40:31
92;3;2024-07-21 07:55:38;2025-05-19 19:20:31
93;2;2025-01-10 17:52:58;2025-05-19 13:39:13
94;2;2024-09-27 09:08:01;2025-05-19 05:33:45
95;4;2024-10-15 16:56:27;2025-05-19 18:00:14
96;4;2025-03-22 07:52:47;2025-05-19 06:14:44
97;4;2024-08-23 04:53:44;2025-05-19 00:34:19
98;2;2024-10-19 17:29:40;2025-05-19 11:52:22
99;3;2025-02-25 08:32:39;2025-05-19 04:49:15
100;3;2025-03-28 23:36:12;2025-05-19 07:27:37
101;1;2025-03-17 01:55:37;2025-05-19 01:35:26
102;3;2025-02-10 07:50:07;2025-05-19 06:52:13
103;2;2024-08-30 15:27:33;2025-05-19 13:34:27
104;1;2024-05-30 00:09:50;2025-05-19 09:26:51
105;1;2025-02-20 08:25:15;2025-05-19 12:19:38
106;3;2024-09-20 17:59:51;2025-05-19 16:54:22
107;3;2025-03-24 22:26:49;2025-05-19 10:40:19
108;3;2024-07-15 19:08:30;2025-05-19 05:51:28
109;2;2024-07-08 04:12:01;2025-05-19 07:32:03
110;1;2025-04-06 05:40:22;2025-05-19 07:28:33
111;3;2025-05-02 21:59:55;2025-05-19 18:12:28
112;1;2024-11-18 13:32:03;2025-05-19 18:54:16
113;4;2025-03-23 14:27:45;2025-05-19 18:15:01
114;4;2024-07-04 12:28:49;2025-05-19 03:15:33
115;1;2024-08-09 19:44:17;2025-05-19 21:59:37
116;3;2024-11-02 02:42:54;2025-05-19 09:33:01
117;4;2025-03-04 20:55:33;2025-05-19 16:08:09
118;3;2025-01-21 13:32:00;2025-05-19 01:01:31
119;4;2024-11-09 00:14:40;2025-05-19 03:58:07
120;3;2025-05-15 03:27:22;2025-05-19 05:49:43
121;2;2024-11-30 01:33:23;2025-05-19 17:21:57
122;1;2024-05-30 01:51:53;2025-05-19 18:48:52
123;3;2024-09-06 14:16:46;2025-05-19 17:59:34
124;1;2024-09-13 01:42:50;2025-05-19 11:43:45
125;2;2024-10-06 14:09:42;2025-05-19 01:29:06
126;2;2024-11-15 07:33:02;2025-05-19 19:41:08
127;2;2024-10-13 06:50:56;2025-05-19 08:26:31
128;3;2024-08-30 15:40:55;2025-05-19 22:02:58
129;3;2024-12-22 16:15:05;2025-05-19 08:43:53
130;3;2024-10-02 08:15:47;2025-05-19 02:30:57
131;2;2024-10-24 17:40:21;2025-05-19 05:15:45
132;1;2024-12-05 12:01:06;2025-05-19 18:24:09
133;1;2024-08-20 20:17:26;2025-05-19 02:54:59
134;4;2025-03-23 15:46:12;2025-05-19 16:34:46
135;3;2024-11-17 15:29:11;2025-05-19 19:43:39
136;3;2024-08-31 15:51:12;2025-05-19 23:04:49
137;4;2025-04-18 15:46:05;2025-05-19 03:07:04
138;4;2024-11-10 10:31:07;2025-05-19 05:34:10
139;2;2025-02-26 09:44:12;2025-05-19 03:43:56
140;3;2025-04-14 08:19:18;2025-05-19 06:21:29
141;1;2024-09-19 17:47:19;2025-05-19 11:46:06
142;1;2024-06-22 23:28:32;2025-05-19 16:06:18
143;4;2024-12-21 09:36:22;2025-05-19 20:40:32
144;2;2024-08-06 20:52:31;2025-05-19 21:22:42
145;1;2025-02-10 23:44:52;2025-05-19 10:19:08
146;3;2025-05-09 22:20:24;2025-05-19 21:14:17
147;4;2025-05-02 03:37:22;2025-05-19 02:54:29
148;4;2024-08-04 17:36:03;2025-05-19 20:54:53
149;2;2025-04-10 22:57:05;2025-05-19 05:16:14
150;4;2025-05-14 08:47:52;2025-05-19 20:31:43
151;3;2024-07-02 22:42:20;2025-05-19 18:09:37
152;3;2024-08-19 04:36:55;2025-05-19 01:41:23
153;2;2025-05-03 19:00:12;2025-05-19 05:10:04
154;2;2025-01-27 22:24:46;2025-05-19 07:49:25
155;3;2024-09-22 22:04:31;2025-05-19 22:19:08
156;4;2025-01-23 23:51:49;2025-05-19 07:54:10
157;3;2025-05-01 07:16:58;2025-05-19 02:42:22
158;1;2025-02-18 22:12:14;2025-05-19 16:43:50
159;3;2025-04-26 01:36:59;2025-05-19 04:35:45
160;3;2024-08-15 01:42:28;2025-05-19 01:47:19
161;3;2024-08-28 18:10:10;2025-05-19 08:52:37
162;2;2024-11-26 21:00:17;2025-05-19 17:39:34
163;3;2025-02-01 23:48:11;2025-05-19 17:45:34
164;4;2024-08-18 01:55:41;2025-05-19 22:33:00
165;3;2024-09-15 23:52:40;2025-05-19 15:23:55
166;1;2024-09-21 19:43:36;2025-05-19 20:34:05
167;4;2024-07-28 14:47:48;2025-05-19 02:13:43
168;1;2025-04-17 14:34:28;2025-05-19 08:17:28
169;2;2025-03-12 06:49:13;2025-05-19 02:43:37
170;3;2024-11-24 18:48:12;2025-05-19 19:46:17
171;1;2024-11-09 11:02:44;2025-05-19 13:28:33
172;4;2024-09-12 11:16:26;2025-05-19 17:06:37
173;4;2024-10-28 03:54:04;2025-05-19 04:13:52
174;3;2024-06-05 00:05:04;2025-05-19 20:01:53
175;4;2025-05-13 03:37:32;2025-05-19 14:25:04
176;2;2024-12-31 10:07:54;2025-05-19 08:31:59
177;4;2025-02-08 09:36:00;2025-05-19 05:29:54
178;2;2024-08-14 06:56:31;2025-05-19 18:50:27
179;2;2024-11-01 19:50:35;2025-05-19 23:06:06
180;3;2025-02-01 13:09:27;2025-05-19 06:04:29
181;3;2024-07-28 23:11:08;2025-05-19 15:00:24
182;2;2024-08-29 19:00:11;2025-05-19 22:53:47
183;4;2024-11-18 10:02:37;2025-05-19 17:21:41
184;2;2024-07-09 05:45:01;2025-05-19 01:03:01
185;3;2025-01-05 06:10:16;2025-05-19 22:28:25
186;3;2024-08-02 20:18:01;2025-05-19 11:49:01
187;3;2024-07-08 14:17:21;2025-05-19 20:39:39
188;4;2024-05-19 04:15:02;2025-05-19 20:33:40
189;4;2025-02-02 13:00:03;2025-05-19 21:21:24
190;2;2024-12-24 04:07:22;2025-05-19 04:53:13
191;4;2024-08-16 14:36:07;2025-05-19 01:08:04
192;4;2024-11-12 08:31:36;2025-05-19 02:36:40
193;4;2025-02-16 21:36:06;2025-05-19 18:43:01
194;3;2024-07-15 07:55:12;2025-05-19 15:46:41
195;2;2024-07-04 16:20:09;2025-05-19 08:49:30
196;3;2025-02-14 01:06:27;2025-05-19 19:57:52
197;4;2025-04-11 05:15:02;2025-05-19 03:19:00
198;2;2024-08-11 08:20:58;2025-05-19 07:37:23
199;1;2025-02-03 04:59:01;2025-05-19 22:22:30
200;2;2024-06-07 07:33:48;2025-05-19 15:28:31
